time,cpu,percpu,mem,ram,disk,disk_io,network,gpu load,gpu memutil
2021-05-24 06:12:05.933729,4.5,2.5,988.2421875,40828.0,11471.4296875,"{'rc': 0, 'wc': 0, 'rb': 0, 'wb': 0}","{'sent': 126, 'recv': 300}",0.0,0.0
2021-05-24 06:12:06.977660,2.3,2.5,1445.625,41284.31640625,11471.4296875,"{'rc': 0, 'wc': 0, 'rb': 0, 'wb': 0}","{'sent': 260, 'recv': 18486}",0.0,0.0
2021-05-24 06:12:08.217169,4.7,2.5,1567.42578125,41405.86328125,11471.4296875,"{'rc': 0, 'wc': 3, 'rb': 0, 'wb': 12288}","{'sent': 1394, 'recv': 39378}",0.0,0.0
2021-05-24 06:12:09.144456,2.1,4.1674999999999995,1594.328125,41409.3046875,11471.4296875,"{'rc': 0, 'wc': 3, 'rb': 0, 'wb': 12288}","{'sent': 4456, 'recv': 57834}",6.0,0.08198065256599442
2021-05-24 06:12:09.237973,2.0,2.5,1595.30859375,41409.515625,11471.4296875,"{'rc': 0, 'wc': 3, 'rb': 0, 'wb': 12288}","{'sent': 4456, 'recv': 59154}",6.0,0.08198065256599442
2021-05-24 06:12:09.336059,4.9,3.75,1595.44921875,41410.21875,11471.4296875,"{'rc': 0, 'wc': 3, 'rb': 0, 'wb': 12288}","{'sent': 4606, 'recv': 60894}",0.0,0.08198065256599442
2021-05-24 06:12:09.430786,4.2,5.0,1595.44921875,41410.5390625,11471.4296875,"{'rc': 0, 'wc': 3, 'rb': 0, 'wb': 12288}","{'sent': 4606, 'recv': 62274}",0.0,0.08198065256599442
2021-05-24 06:12:09.528201,4.2,3.75,1595.36328125,41410.80859375,11471.4296875,"{'rc': 0, 'wc': 3, 'rb': 0, 'wb': 12288}","{'sent': 4672, 'recv': 65256}",0.0,0.08198065256599442
2021-05-24 06:12:09.645056,2.1,2.5,1596.6796875,41411.1328125,11471.4296875,"{'rc': 0, 'wc': 3, 'rb': 0, 'wb': 12288}","{'sent': 4672, 'recv': 67176}",0.0,0.08198065256599442
2021-05-24 06:12:09.734568,2.0,0.0,1597.2109375,41411.13671875,11471.4296875,"{'rc': 0, 'wc': 5, 'rb': 0, 'wb': 24576}","{'sent': 4672, 'recv': 69036}",0.0,0.08198065256599442
2021-05-24 06:12:09.831432,2.1,1.6675,1597.26171875,41411.0234375,11471.4296875,"{'rc': 0, 'wc': 5, 'rb': 0, 'wb': 24576}","{'sent': 4672, 'recv': 71256}",0.0,0.08198065256599442
2021-05-24 06:12:09.938681,2.0,2.5,1598.140625,41411.36328125,11471.4296875,"{'rc': 0, 'wc': 5, 'rb': 0, 'wb': 24576}","{'sent': 4672, 'recv': 73596}",0.0,0.08198065256599442
2021-05-24 06:12:10.036563,2.2,3.75,1599.22265625,41412.265625,11471.4296875,"{'rc': 0, 'wc': 5, 'rb': 0, 'wb': 24576}","{'sent': 4672, 'recv': 75456}",0.0,0.08198065256599442
2021-05-24 06:12:10.131716,2.3,2.5,1599.3359375,41411.40234375,11471.4296875,"{'rc': 0, 'wc': 5, 'rb': 0, 'wb': 24576}","{'sent': 4672, 'recv': 76176}",0.0,0.08198065256599442
2021-05-24 06:12:10.226371,2.1,2.5,1600.7578125,41412.43359375,11471.4296875,"{'rc': 0, 'wc': 5, 'rb': 0, 'wb': 24576}","{'sent': 4672, 'recv': 77856}",0.0,0.08198065256599442
2021-05-24 06:12:10.323690,2.1,2.5,1600.25390625,41412.4765625,11471.4296875,"{'rc': 0, 'wc': 5, 'rb': 0, 'wb': 24576}","{'sent': 4672, 'recv': 79476}",0.0,0.08198065256599442
2021-05-24 06:12:10.421213,1.9,2.5,1601.2109375,41413.15625,11471.4296875,"{'rc': 0, 'wc': 5, 'rb': 0, 'wb': 24576}","{'sent': 4672, 'recv': 81456}",0.0,0.08198065256599442
2021-05-24 06:12:10.515153,2.1,2.5,1601.96875,41413.02734375,11471.4296875,"{'rc': 0, 'wc': 7, 'rb': 0, 'wb': 65536}","{'sent': 4672, 'recv': 83376}",0.0,0.08198065256599442
2021-05-24 06:12:10.611602,2.1,2.5,1602.2734375,41413.1796875,11471.4296875,"{'rc': 0, 'wc': 7, 'rb': 0, 'wb': 65536}","{'sent': 4672, 'recv': 85356}",0.0,0.08198065256599442
2021-05-24 06:12:10.708574,0.0,1.25,1605.62109375,41414.31640625,11471.4296875,"{'rc': 0, 'wc': 7, 'rb': 0, 'wb': 65536}","{'sent': 4958, 'recv': 87576}",0.0,0.14756517461878996
2021-05-24 06:12:10.823457,2.4,2.5,1716.08203125,41420.9609375,11471.4296875,"{'rc': 0, 'wc': 7, 'rb': 0, 'wb': 65536}","{'sent': 5610, 'recv': 90096}",1.0,0.5000819806525659
2021-05-24 06:12:10.909249,2.3,5.0,1719.921875,41423.3359375,11471.4296875,"{'rc': 0, 'wc': 7, 'rb': 0, 'wb': 65536}","{'sent': 5610, 'recv': 91476}",1.0,2.172487292998852
2021-05-24 06:12:11.006682,2.3,2.5,1756.91796875,41460.734375,11471.4296875,"{'rc': 0, 'wc': 7, 'rb': 0, 'wb': 65536}","{'sent': 9130, 'recv': 93552}",3.0,2.172487292998852
2021-05-24 06:12:11.100049,2.4,3.75,1817.2265625,41520.37890625,11471.4296875,"{'rc': 0, 'wc': 7, 'rb': 0, 'wb': 65536}","{'sent': 9130, 'recv': 94878}",0.0,2.172487292998852
2021-05-24 06:12:11.189472,2.3,2.5,1885.80859375,41588.8671875,11471.4296875,"{'rc': 0, 'wc': 7, 'rb': 0, 'wb': 65536}","{'sent': 9130, 'recv': 96378}",0.0,2.172487292998852
2021-05-24 06:12:11.280632,4.5,2.5,1956.9375,41657.83203125,11471.4296875,"{'rc': 0, 'wc': 7, 'rb': 0, 'wb': 65536}","{'sent': 9130, 'recv': 97638}",0.0,2.172487292998852
2021-05-24 06:12:11.376258,4.5,2.5,2047.06640625,41746.91796875,11471.4296875,"{'rc': 0, 'wc': 7, 'rb': 0, 'wb': 65536}","{'sent': 9130, 'recv': 99498}",0.0,2.172487292998852
2021-05-24 06:12:12.554041,4.5,2.5,1930.71484375,41629.76171875,11471.4296875,"{'rc': 0, 'wc': 7, 'rb': 0, 'wb': 65536}","{'sent': 9130, 'recv': 107718}",0.0,2.172487292998852
2021-05-24 06:12:12.654359,0.0,3.75,2030.2109375,41729.2890625,11471.4296875,"{'rc': 0, 'wc': 7, 'rb': 0, 'wb': 65536}","{'sent': 9130, 'recv': 123258}",0.0,2.172487292998852
2021-05-24 06:12:12.754260,0.0,3.75,2099.8828125,41798.921875,11471.4296875,"{'rc': 0, 'wc': 7, 'rb': 0, 'wb': 65536}","{'sent': 9130, 'recv': 125058}",0.0,2.172487292998852
2021-05-24 06:12:12.855268,0.0,2.5,2200.58984375,41900.19921875,11471.4296875,"{'rc': 0, 'wc': 7, 'rb': 0, 'wb': 65536}","{'sent': 9130, 'recv': 126138}",0.0,2.172487292998852
2021-05-24 06:12:13.262567,2.4,2.9175,1917.00390625,41615.453125,11471.4296875,"{'rc': 0, 'wc': 7, 'rb': 0, 'wb': 65536}","{'sent': 9130, 'recv': 131958}",0.0,2.172487292998852
2021-05-24 06:12:14.109755,4.0,2.5,2007.7421875,41706.80859375,11471.4296875,"{'rc': 0, 'wc': 7, 'rb': 0, 'wb': 65536}","{'sent': 9130, 'recv': 146478}",0.0,2.172487292998852
2021-05-24 06:12:14.208716,2.3,2.5,2074.9375,41773.0,11471.4296875,"{'rc': 0, 'wc': 7, 'rb': 0, 'wb': 65536}","{'sent': 9130, 'recv': 148338}",0.0,2.172487292998852
2021-05-24 06:12:14.305247,4.5,2.5,2075.3671875,41772.81640625,11471.4296875,"{'rc': 0, 'wc': 13, 'rb': 0, 'wb': 98304}","{'sent': 9130, 'recv': 150318}",0.0,2.172487292998852
2021-05-24 06:12:14.404325,4.7,2.5,2121.4609375,41820.74609375,11471.4296875,"{'rc': 0, 'wc': 13, 'rb': 0, 'wb': 98304}","{'sent': 9130, 'recv': 152298}",0.0,2.172487292998852
2021-05-24 06:12:14.504267,4.5,2.5,2222.44921875,41921.59375,11471.4296875,"{'rc': 0, 'wc': 13, 'rb': 0, 'wb': 98304}","{'sent': 9130, 'recv': 153738}",0.0,2.172487292998852
2021-05-24 06:12:14.609589,2.4,2.5,2144.046875,41842.78515625,11471.4296875,"{'rc': 0, 'wc': 15, 'rb': 0, 'wb': 122880}","{'sent': 9130, 'recv': 154998}",0.0,2.172487292998852
2021-05-24 06:12:14.711647,4.5,2.5,2078.84765625,41776.21484375,11471.4296875,"{'rc': 0, 'wc': 15, 'rb': 0, 'wb': 122880}","{'sent': 9130, 'recv': 156678}",0.0,2.172487292998852
2021-05-24 06:12:14.817464,0.0,2.5,2160.109375,41857.73828125,11471.4296875,"{'rc': 0, 'wc': 22, 'rb': 0, 'wb': 5636096}","{'sent': 9130, 'recv': 158238}",0.0,2.172487292998852
2021-05-24 06:12:14.918322,0.0,2.5,2248.41796875,41945.70703125,11471.4296875,"{'rc': 0, 'wc': 43, 'rb': 0, 'wb': 27394048}","{'sent': 9130, 'recv': 160038}",0.0,2.172487292998852
2021-05-24 06:12:15.026983,2.3,2.5,2175.83203125,41874.0,11471.4296875,"{'rc': 0, 'wc': 65, 'rb': 0, 'wb': 50462720}","{'sent': 9130, 'recv': 161658}",0.0,2.172487292998852
2021-05-24 06:12:15.129143,2.3,2.5,2095.66796875,41792.75,11471.4296875,"{'rc': 0, 'wc': 85, 'rb': 0, 'wb': 71434240}","{'sent': 9130, 'recv': 163698}",0.0,2.172487292998852
2021-05-24 06:12:15.228667,2.4,2.5,2196.796875,41893.78515625,11471.4296875,"{'rc': 0, 'wc': 105, 'rb': 0, 'wb': 92405760}","{'sent': 9130, 'recv': 165498}",0.0,2.172487292998852
2021-05-24 06:12:15.338430,2.3,2.5,2115.83984375,41812.5625,11471.4296875,"{'rc': 0, 'wc': 117, 'rb': 0, 'wb': 104988672}","{'sent': 9130, 'recv': 167238}",0.0,2.172487292998852
2021-05-24 06:12:15.437852,4.5,2.5,2211.2734375,41908.5078125,11471.4296875,"{'rc': 0, 'wc': 117, 'rb': 0, 'wb': 104988672}","{'sent': 9130, 'recv': 168678}",0.0,2.172487292998852
2021-05-24 06:12:15.542924,2.3,2.5,2126.79296875,41823.85546875,11471.4296875,"{'rc': 0, 'wc': 117, 'rb': 0, 'wb': 104988672}","{'sent': 9130, 'recv': 170118}",0.0,2.172487292998852
2021-05-24 06:12:15.644181,2.3,2.5,2229.375,41926.68359375,11471.4296875,"{'rc': 0, 'wc': 117, 'rb': 0, 'wb': 104988672}","{'sent': 9130, 'recv': 171498}",0.0,2.172487292998852
2021-05-24 06:12:15.752689,2.3,2.5,2158.51953125,41855.41796875,11471.4296875,"{'rc': 0, 'wc': 117, 'rb': 0, 'wb': 104988672}","{'sent': 9130, 'recv': 173718}",0.0,2.172487292998852
2021-05-24 06:12:15.853899,2.3,2.5,2250.2421875,41947.08203125,11471.4296875,"{'rc': 0, 'wc': 117, 'rb': 0, 'wb': 104988672}","{'sent': 9130, 'recv': 175638}",0.0,2.172487292998852
2021-05-24 06:12:15.964238,4.7,2.5,2178.9140625,41875.15234375,11471.4296875,"{'rc': 0, 'wc': 117, 'rb': 0, 'wb': 104988672}","{'sent': 9130, 'recv': 177318}",0.0,2.172487292998852
2021-05-24 06:12:16.075823,0.0,2.5,2083.01953125,41780.1875,11471.4296875,"{'rc': 0, 'wc': 117, 'rb': 0, 'wb': 104988672}","{'sent': 9130, 'recv': 178998}",0.0,2.172487292998852
2021-05-24 06:12:16.175229,0.0,2.5,2184.8046875,41881.49609375,11471.4296875,"{'rc': 0, 'wc': 117, 'rb': 0, 'wb': 104988672}","{'sent': 9130, 'recv': 181038}",0.0,2.172487292998852
2021-05-24 06:12:16.277808,2.3,2.5,2288.09765625,41984.5078125,11471.4296875,"{'rc': 0, 'wc': 117, 'rb': 0, 'wb': 104988672}","{'sent': 9130, 'recv': 182538}",0.0,2.172487292998852
2021-05-24 06:12:16.383820,4.5,2.5,2392.02734375,42088.171875,11471.4296875,"{'rc': 0, 'wc': 119, 'rb': 0, 'wb': 105041920}","{'sent': 9130, 'recv': 184278}",0.0,2.172487292998852
2021-05-24 06:12:16.497558,4.5,2.5,2089.92578125,41787.046875,11471.4296875,"{'rc': 0, 'wc': 119, 'rb': 0, 'wb': 105041920}","{'sent': 9130, 'recv': 185838}",0.0,2.172487292998852
2021-05-24 06:12:16.599342,2.3,2.5,2194.90625,41891.10546875,11471.4296875,"{'rc': 0, 'wc': 119, 'rb': 0, 'wb': 105041920}","{'sent': 9130, 'recv': 187998}",0.0,2.172487292998852
2021-05-24 06:12:16.702568,2.3,3.75,2297.7734375,41994.0625,11471.4296875,"{'rc': 0, 'wc': 119, 'rb': 0, 'wb': 105041920}","{'sent': 9130, 'recv': 190098}",0.0,2.172487292998852
2021-05-24 06:12:16.811245,2.3,2.5,2406.4296875,42102.6015625,11471.4296875,"{'rc': 0, 'wc': 119, 'rb': 0, 'wb': 105041920}","{'sent': 9130, 'recv': 192258}",0.0,2.172487292998852
2021-05-24 06:12:16.928483,2.3,2.5,2083.37109375,41779.85546875,11471.4296875,"{'rc': 0, 'wc': 119, 'rb': 0, 'wb': 105041920}","{'sent': 9130, 'recv': 194178}",0.0,2.172487292998852
2021-05-24 06:12:17.101030,0.0,2.5,2116.46484375,41808.91015625,11471.4296875,"{'rc': 0, 'wc': 119, 'rb': 0, 'wb': 105041920}","{'sent': 9130, 'recv': 197058}",0.0,94.15477947204461
2021-05-24 06:12:17.201181,2.3,2.5,2254.01953125,41945.6875,11471.4296875,"{'rc': 0, 'wc': 119, 'rb': 0, 'wb': 105041920}","{'sent': 9130, 'recv': 198738}",0.0,94.15477947204461
2021-05-24 06:12:17.311226,2.4,0.0,2410.73828125,42102.2890625,11471.4296875,"{'rc': 0, 'wc': 119, 'rb': 0, 'wb': 105041920}","{'sent': 9130, 'recv': 200838}",0.0,94.15477947204461
2021-05-24 06:12:17.422833,2.3,2.5,2464.5859375,42156.1015625,11471.4296875,"{'rc': 0, 'wc': 119, 'rb': 0, 'wb': 105041920}","{'sent': 9130, 'recv': 202578}",11.0,94.2367601246106
2021-05-24 06:12:17.536480,0.0,2.5,2535.859375,42226.98046875,11471.4296875,"{'rc': 0, 'wc': 119, 'rb': 0, 'wb': 105041920}","{'sent': 9130, 'recv': 204678}",11.0,94.38432529922937
2021-05-24 06:12:17.647836,0.0,2.5,2560.0078125,42250.8828125,11471.4296875,"{'rc': 0, 'wc': 119, 'rb': 0, 'wb': 105041920}","{'sent': 9130, 'recv': 206838}",6.0,94.46630595179538
2021-05-24 06:12:17.757762,4.5,2.5,2600.94140625,42291.05078125,11471.4296875,"{'rc': 0, 'wc': 119, 'rb': 0, 'wb': 105041920}","{'sent': 9130, 'recv': 208818}",5.0,94.54828660436138
2021-05-24 06:12:17.876451,2.4,2.5,2652.93359375,42343.21484375,11471.4296875,"{'rc': 0, 'wc': 119, 'rb': 0, 'wb': 105041920}","{'sent': 9130, 'recv': 210438}",5.0,94.64666338744057
2021-05-24 06:12:17.999071,2.3,2.5,2706.89453125,42396.625,11471.4296875,"{'rc': 0, 'wc': 119, 'rb': 0, 'wb': 105041920}","{'sent': 9130, 'recv': 212298}",7.000000000000001,94.72864404000656
2021-05-24 06:12:18.112573,4.5,2.5,2756.4765625,42446.828125,11471.4296875,"{'rc': 0, 'wc': 119, 'rb': 0, 'wb': 105041920}","{'sent': 9130, 'recv': 214458}",5.0,94.84341695359895
2021-05-24 06:12:18.228443,2.4,2.5,2810.6953125,42501.29296875,11471.4296875,"{'rc': 0, 'wc': 119, 'rb': 0, 'wb': 105041920}","{'sent': 9130, 'recv': 216858}",5.0,94.97458599770454
2021-05-24 06:12:18.355657,2.4,2.5,2857.515625,42546.6484375,11471.4296875,"{'rc': 0, 'wc': 119, 'rb': 0, 'wb': 105041920}","{'sent': 9130, 'recv': 218838}",5.0,94.99098212821774
2021-05-24 06:12:18.500638,97.9,90.0,2859.0,42547.3515625,11471.4296875,"{'rc': 0, 'wc': 119, 'rb': 0, 'wb': 105041920}","{'sent': 9130, 'recv': 221358}",0.0,94.99098212821774
2021-05-24 06:12:18.633057,97.9,90.41749999999999,2857.61328125,42548.5859375,11471.4296875,"{'rc': 0, 'wc': 119, 'rb': 0, 'wb': 105041920}","{'sent': 9130, 'recv': 223818}",0.0,94.99098212821774
2021-05-24 06:12:18.765441,97.9,92.5,2859.875,42550.55859375,11471.4296875,"{'rc': 0, 'wc': 119, 'rb': 0, 'wb': 105041920}","{'sent': 9130, 'recv': 225798}",0.0,94.99098212821774
2021-05-24 06:12:18.898683,96.8,92.5,2862.56640625,42554.015625,11471.4296875,"{'rc': 0, 'wc': 119, 'rb': 0, 'wb': 105041920}","{'sent': 9130, 'recv': 227658}",0.0,94.99098212821774
2021-05-24 06:12:19.030641,96.9,97.5,2861.14453125,42554.09375,11471.4296875,"{'rc': 0, 'wc': 119, 'rb': 0, 'wb': 105041920}","{'sent': 9130, 'recv': 229518}",0.0,94.99098212821774
2021-05-24 06:12:19.169515,97.9,97.5,2860.9453125,42554.6015625,11471.4296875,"{'rc': 0, 'wc': 119, 'rb': 0, 'wb': 105041920}","{'sent': 9130, 'recv': 232458}",0.0,94.99098212821774
2021-05-24 06:12:19.302837,96.9,95.0,2862.75390625,42557.1484375,11471.4296875,"{'rc': 0, 'wc': 119, 'rb': 0, 'wb': 105041920}","{'sent': 9130, 'recv': 234678}",0.0,94.99098212821774
2021-05-24 06:12:19.425848,97.9,92.5,2861.7109375,42556.75,11471.4296875,"{'rc': 0, 'wc': 119, 'rb': 0, 'wb': 105041920}","{'sent': 9130, 'recv': 237138}",0.0,94.99098212821774
2021-05-24 06:12:19.548313,100.0,69.16749999999999,2861.796875,42556.7734375,11471.4296875,"{'rc': 0, 'wc': 119, 'rb': 0, 'wb': 105041920}","{'sent': 9130, 'recv': 239418}",0.0,94.99098212821774
2021-05-24 06:12:19.681635,97.9,100.0,2864.70703125,42559.95703125,11471.4296875,"{'rc': 0, 'wc': 122, 'rb': 0, 'wb': 105058304}","{'sent': 9184, 'recv': 241398}",0.0,94.99098212821774
2021-05-24 06:12:19.815579,96.9,92.91749999999999,2864.53515625,42558.8828125,11471.4296875,"{'rc': 0, 'wc': 122, 'rb': 0, 'wb': 105058304}","{'sent': 9184, 'recv': 243558}",0.0,94.99098212821774
2021-05-24 06:12:19.940173,97.9,77.5,2866.08984375,42560.52734375,11471.4296875,"{'rc': 0, 'wc': 129, 'rb': 0, 'wb': 112660480}","{'sent': 9184, 'recv': 245538}",0.0,94.99098212821774
2021-05-24 06:12:20.073751,100.0,95.0,2867.76953125,42561.375,11471.4296875,"{'rc': 0, 'wc': 155, 'rb': 0, 'wb': 139923456}","{'sent': 9184, 'recv': 248418}",0.0,94.99098212821774
2021-05-24 06:12:20.212382,100.0,88.75,2867.2265625,42561.64453125,11471.4296875,"{'rc': 0, 'wc': 182, 'rb': 0, 'wb': 167972864}","{'sent': 9184, 'recv': 250578}",0.0,94.99098212821774
2021-05-24 06:12:20.351212,96.9,75.84,2950.59765625,42647.1796875,11471.4296875,"{'rc': 0, 'wc': 211, 'rb': 0, 'wb': 198643712}","{'sent': 9184, 'recv': 252858}",0.0,94.99098212821774
2021-05-24 06:12:20.573729,2.4,2.5,3199.28125,42894.546875,11471.4296875,"{'rc': 0, 'wc': 252, 'rb': 0, 'wb': 241373184}","{'sent': 9436, 'recv': 256938}",0.0,94.99098212821774
2021-05-24 06:12:20.705359,4.5,2.9125,3198.9453125,42894.69140625,11471.4296875,"{'rc': 0, 'wc': 277, 'rb': 0, 'wb': 267849728}","{'sent': 9436, 'recv': 259290}",0.0,94.99098212821774
2021-05-24 06:12:22.977280,2.3,2.5,3200.421875,42895.37890625,11471.4296875,"{'rc': 0, 'wc': 364, 'rb': 0, 'wb': 358203392}","{'sent': 9864, 'recv': 297510}",0.0,94.99098212821774
2021-05-24 06:12:23.108266,2.3,2.5,3199.77734375,42895.046875,11471.4296875,"{'rc': 0, 'wc': 364, 'rb': 0, 'wb': 358203392}","{'sent': 9864, 'recv': 299802}",0.0,94.99098212821774
2021-05-24 06:12:23.239858,2.2,2.5,3206.3203125,42901.69140625,11471.4296875,"{'rc': 0, 'wc': 364, 'rb': 0, 'wb': 358203392}","{'sent': 9864, 'recv': 302442}",0.0,94.99098212821774
2021-05-24 06:12:23.376958,4.5,2.5,3209.2578125,42904.12109375,11471.4296875,"{'rc': 0, 'wc': 364, 'rb': 0, 'wb': 358203392}","{'sent': 9864, 'recv': 304962}",0.0,94.99098212821774
2021-05-24 06:12:23.515911,2.3,2.5,3210.04296875,42904.125,11471.4296875,"{'rc': 0, 'wc': 364, 'rb': 0, 'wb': 358203392}","{'sent': 9864, 'recv': 306522}",0.0,94.99098212821774
2021-05-24 06:12:23.660257,2.3,2.5,3209.87109375,42903.77734375,11471.4296875,"{'rc': 0, 'wc': 364, 'rb': 0, 'wb': 358203392}","{'sent': 9864, 'recv': 309582}",0.0,94.99098212821774
2021-05-24 06:12:23.804845,2.3,2.5,3210.53515625,42903.7421875,11471.4296875,"{'rc': 0, 'wc': 364, 'rb': 0, 'wb': 358203392}","{'sent': 9864, 'recv': 311742}",0.0,95.02377438924414
2021-05-24 06:12:23.951852,2.4,2.5,3239.19140625,42931.8125,11471.4296875,"{'rc': 0, 'wc': 364, 'rb': 0, 'wb': 358203392}","{'sent': 10110, 'recv': 314622}",4.0,95.13854730283653
2021-05-24 06:12:24.096510,2.4,2.5,3299.34375,42990.5859375,11471.4296875,"{'rc': 0, 'wc': 364, 'rb': 0, 'wb': 358203392}","{'sent': 10110, 'recv': 316902}",6.0,95.23692408591572
2021-05-24 06:12:24.243075,2.3,0.0,3361.38671875,43052.6953125,11471.4296875,"{'rc': 0, 'wc': 364, 'rb': 0, 'wb': 358203392}","{'sent': 10110, 'recv': 319848}",20.0,95.30250860796852
2021-05-24 06:12:24.393720,97.9,73.75,3365.32421875,43054.0625,11471.4296875,"{'rc': 0, 'wc': 364, 'rb': 0, 'wb': 358203392}","{'sent': 10110, 'recv': 321768}",20.0,95.30250860796852
2021-05-24 06:12:24.535096,4.5,2.5,3365.83984375,43055.91015625,11471.4296875,"{'rc': 0, 'wc': 364, 'rb': 0, 'wb': 358203392}","{'sent': 10666, 'recv': 324054}",17.0,95.30250860796852
2021-05-24 06:12:24.691244,0.0,2.5,3377.921875,43067.44921875,11471.4296875,"{'rc': 0, 'wc': 364, 'rb': 0, 'wb': 358203392}","{'sent': 10944, 'recv': 327120}",34.0,95.30250860796852
2021-05-24 06:12:24.841073,4.5,2.5,3418.1796875,43108.23828125,11471.4296875,"{'rc': 0, 'wc': 364, 'rb': 0, 'wb': 358203392}","{'sent': 10944, 'recv': 330066}",0.0,95.30250860796852
2021-05-24 06:12:24.994877,2.3,2.5,3418.61328125,43107.9375,11471.4296875,"{'rc': 0, 'wc': 364, 'rb': 0, 'wb': 358203392}","{'sent': 10944, 'recv': 332046}",44.0,95.30250860796852
2021-05-24 06:12:25.139197,2.4,0.0,3419.35546875,43107.84375,11471.4296875,"{'rc': 0, 'wc': 364, 'rb': 0, 'wb': 358203392}","{'sent': 11214, 'recv': 335166}",20.0,95.30250860796852
2021-05-24 06:12:25.278896,0.0,2.5,3419.734375,43107.6796875,11471.4296875,"{'rc': 0, 'wc': 364, 'rb': 0, 'wb': 358203392}","{'sent': 11214, 'recv': 337446}",9.0,95.30250860796852
2021-05-24 06:12:25.430486,2.3,2.5,3439.51953125,43124.453125,11471.4296875,"{'rc': 0, 'wc': 366, 'rb': 0, 'wb': 358248448}","{'sent': 11214, 'recv': 339432}",0.0,95.30250860796852
2021-05-24 06:12:25.588061,100.0,31.25,3441.15625,43126.0390625,11471.4296875,"{'rc': 0, 'wc': 366, 'rb': 0, 'wb': 358248448}","{'sent': 11340, 'recv': 342492}",16.0,95.30250860796852
2021-05-24 06:12:25.737316,7.1,2.5,3441.6015625,43127.48828125,11471.4296875,"{'rc': 0, 'wc': 366, 'rb': 0, 'wb': 358248448}","{'sent': 11896, 'recv': 345024}",19.0,95.30250860796852
2021-05-24 06:12:25.892781,37.8,100.0,3442.37890625,43127.0,11471.4296875,"{'rc': 0, 'wc': 366, 'rb': 0, 'wb': 358248448}","{'sent': 12174, 'recv': 347790}",19.0,95.30250860796852
2021-05-24 06:12:26.035809,2.4,2.5,3448.59375,43133.24609375,11471.4296875,"{'rc': 0, 'wc': 366, 'rb': 0, 'wb': 358248448}","{'sent': 12174, 'recv': 350676}",31.0,95.30250860796852
2021-05-24 06:12:26.167188,2.2,0.0,3455.84375,43141.52734375,11471.4296875,"{'rc': 0, 'wc': 366, 'rb': 0, 'wb': 358248448}","{'sent': 12174, 'recv': 352716}",69.0,95.30250860796852
2021-05-24 06:12:26.309050,2.3,2.5,3457.88671875,43141.55078125,11471.4296875,"{'rc': 0, 'wc': 366, 'rb': 0, 'wb': 358248448}","{'sent': 12444, 'recv': 354756}",0.0,95.30250860796852
2021-05-24 06:12:26.450613,2.3,0.0,3457.42578125,43141.1328125,11471.4296875,"{'rc': 0, 'wc': 368, 'rb': 0, 'wb': 360300544}","{'sent': 12444, 'recv': 357402}",0.0,95.30250860796852
2021-05-24 06:12:26.589283,0.0,0.0,3458.765625,43142.07421875,11471.4296875,"{'rc': 0, 'wc': 407, 'rb': 0, 'wb': 387608576}","{'sent': 12444, 'recv': 359502}",0.0,95.30250860796852
2021-05-24 06:12:26.735482,100.0,36.25,3457.53125,43142.26171875,11471.4296875,"{'rc': 0, 'wc': 442, 'rb': 0, 'wb': 419065856}","{'sent': 12570, 'recv': 362022}",0.0,95.30250860796852
2021-05-24 06:12:26.878155,21.2,2.5,3458.31640625,43142.15625,11471.4296875,"{'rc': 0, 'wc': 471, 'rb': 0, 'wb': 448425984}","{'sent': 13126, 'recv': 364062}",16.0,95.30250860796852
2021-05-24 06:12:27.031812,100.0,36.25,3460.90625,43143.9453125,11471.4296875,"{'rc': 0, 'wc': 503, 'rb': 0, 'wb': 481980416}","{'sent': 13710, 'recv': 366594}",33.0,95.30250860796852
2021-05-24 06:12:27.172263,4.5,2.5,3460.9609375,43144.69140625,11471.4296875,"{'rc': 0, 'wc': 531, 'rb': 0, 'wb': 511340544}","{'sent': 13710, 'recv': 368766}",39.0,95.30250860796852
2021-05-24 06:12:27.307520,0.0,0.0,3464.17578125,43148.11328125,11471.4296875,"{'rc': 0, 'wc': 561, 'rb': 0, 'wb': 539914240}","{'sent': 13710, 'recv': 371046}",48.0,95.30250860796852
2021-05-24 06:12:27.449009,4.5,2.5,3469.25,43152.953125,11471.4296875,"{'rc': 0, 'wc': 567, 'rb': 0, 'wb': 544612352}","{'sent': 13980, 'recv': 373752}",0.0,95.30250860796852
2021-05-24 06:12:27.598294,0.0,0.0,3469.8125,43153.41015625,11471.4296875,"{'rc': 0, 'wc': 569, 'rb': 0, 'wb': 546709504}","{'sent': 13980, 'recv': 375972}",0.0,95.30250860796852
2021-05-24 06:12:27.744914,2.3,2.5,3470.05859375,43153.39453125,11471.4296875,"{'rc': 0, 'wc': 598, 'rb': 0, 'wb': 577380352}","{'sent': 13980, 'recv': 378492}",0.0,95.30250860796852
2021-05-24 06:12:27.899958,0.0,2.5,3469.609375,43153.52734375,11471.4296875,"{'rc': 0, 'wc': 631, 'rb': 0, 'wb': 609624064}","{'sent': 14384, 'recv': 381192}",0.0,95.30250860796852
2021-05-24 06:12:28.054568,0.0,2.5,3469.58203125,43153.50390625,11471.4296875,"{'rc': 0, 'wc': 661, 'rb': 0, 'wb': 641081344}","{'sent': 14662, 'recv': 383304}",16.0,95.30250860796852
2021-05-24 06:12:28.213583,75.0,95.0,3469.2109375,43154.40234375,11471.4296875,"{'rc': 0, 'wc': 693, 'rb': 0, 'wb': 674635776}","{'sent': 15014, 'recv': 385964}",33.0,95.30250860796852
2021-05-24 06:12:28.352096,0.0,2.5,3470.9453125,43155.828125,11471.4296875,"{'rc': 0, 'wc': 719, 'rb': 0, 'wb': 701898752}","{'sent': 15121, 'recv': 388856}",38.0,95.30250860796852
2021-05-24 06:12:28.499149,2.3,2.5,3479.94140625,43164.33984375,11471.4296875,"{'rc': 0, 'wc': 748, 'rb': 0, 'wb': 730976256}","{'sent': 16603, 'recv': 391948}",49.0,95.30250860796852
2021-05-24 06:12:28.646141,4.5,3.75,3478.4296875,43163.52734375,11471.4296875,"{'rc': 0, 'wc': 748, 'rb': 0, 'wb': 730976256}","{'sent': 16804, 'recv': 393874}",0.0,95.30250860796852
2021-05-24 06:12:28.799743,0.0,0.0,3478.6171875,43163.25390625,11471.4296875,"{'rc': 0, 'wc': 774, 'rb': 0, 'wb': 757452800}","{'sent': 16804, 'recv': 396286}",0.0,95.30250860796852
2021-05-24 06:12:28.983056,3.0,2.5,3479.3359375,43164.58203125,11471.4296875,"{'rc': 0, 'wc': 811, 'rb': 0, 'wb': 795987968}","{'sent': 17208, 'recv': 399226}",16.0,95.30250860796852
2021-05-24 06:12:29.143094,61.1,98.75,3480.703125,43165.515625,11471.4296875,"{'rc': 0, 'wc': 842, 'rb': 0, 'wb': 828755968}","{'sent': 17486, 'recv': 402412}",16.0,95.30250860796852
2021-05-24 06:12:29.290482,4.5,2.5,3481.7734375,43166.2265625,11471.4296875,"{'rc': 0, 'wc': 875, 'rb': 0, 'wb': 860168192}","{'sent': 18070, 'recv': 405658}",33.0,95.30250860796852
2021-05-24 06:12:29.441295,2.4,2.5,3483.21484375,43167.6796875,11471.4296875,"{'rc': 0, 'wc': 904, 'rb': 0, 'wb': 890359808}","{'sent': 18070, 'recv': 408364}",61.0,95.30250860796852
2021-05-24 06:12:29.600122,2.5,2.5,3483.84765625,43168.96484375,11471.4296875,"{'rc': 0, 'wc': 931, 'rb': 0, 'wb': 917340160}","{'sent': 18728, 'recv': 410164}",16.0,95.30250860796852
2021-05-24 06:12:29.754306,2.4,22.5,3485.1640625,43170.2421875,11471.4296875,"{'rc': 0, 'wc': 931, 'rb': 0, 'wb': 917340160}","{'sent': 19006, 'recv': 412396}",26.0,95.30250860796852
2021-05-24 06:12:29.908559,98.0,80.0,3484.33984375,43170.95703125,11471.4296875,"{'rc': 0, 'wc': 931, 'rb': 0, 'wb': 917340160}","{'sent': 19284, 'recv': 415402}",26.0,95.30250860796852
2021-05-24 06:12:30.053437,4.5,2.5,3485.26171875,43170.62109375,11471.4296875,"{'rc': 0, 'wc': 931, 'rb': 0, 'wb': 917340160}","{'sent': 19284, 'recv': 417928}",24.0,95.30250860796852
2021-05-24 06:12:30.200527,2.3,2.5,3493.4453125,43178.3515625,11471.4296875,"{'rc': 0, 'wc': 931, 'rb': 0, 'wb': 917340160}","{'sent': 19554, 'recv': 421228}",69.0,95.30250860796852
2021-05-24 06:12:30.350743,2.3,2.5,3494.171875,43177.96484375,11471.4296875,"{'rc': 0, 'wc': 931, 'rb': 0, 'wb': 917340160}","{'sent': 19554, 'recv': 423694}",0.0,95.30250860796852
2021-05-24 06:12:30.492409,0.0,0.0,3495.36328125,43178.5078125,11471.4296875,"{'rc': 0, 'wc': 941, 'rb': 0, 'wb': 925790208}","{'sent': 19554, 'recv': 426034}",0.0,95.30250860796852
2021-05-24 06:12:30.648042,0.0,0.0,3495.9609375,43178.76171875,11471.4296875,"{'rc': 0, 'wc': 973, 'rb': 0, 'wb': 959344640}","{'sent': 19554, 'recv': 428014}",0.0,95.30250860796852
2021-05-24 06:12:30.808161,2.4,2.5,3496.24609375,43178.88671875,11471.4296875,"{'rc': 0, 'wc': 1005, 'rb': 0, 'wb': 992899072}","{'sent': 19958, 'recv': 430720}",16.0,95.30250860796852
2021-05-24 06:12:30.960248,59.3,82.5,3495.72265625,43178.72265625,11471.4296875,"{'rc': 0, 'wc': 1040, 'rb': 0, 'wb': 1024356352}","{'sent': 20236, 'recv': 433306}",33.0,95.30250860796852
2021-05-24 06:12:31.103833,2.4,2.5,3497.00390625,43179.96875,11471.4296875,"{'rc': 0, 'wc': 1070, 'rb': 0, 'wb': 1055813632}","{'sent': 20820, 'recv': 436492}",16.0,95.30250860796852
2021-05-24 06:12:31.244073,2.4,3.75,3498.44921875,43180.33984375,11471.4296875,"{'rc': 0, 'wc': 1097, 'rb': 0, 'wb': 1084387328}","{'sent': 20820, 'recv': 439078}",16.0,95.30250860796852
2021-05-24 06:12:31.392054,97.5,0.0,3498.984375,43181.1171875,11471.4296875,"{'rc': 0, 'wc': 1117, 'rb': 0, 'wb': 1103765504}","{'sent': 21368, 'recv': 441058}",61.0,95.30250860796852
2021-05-24 06:12:31.552076,2.4,31.25,3499.9453125,43181.99609375,11471.4296875,"{'rc': 0, 'wc': 1117, 'rb': 0, 'wb': 1103765504}","{'sent': 21646, 'recv': 443824}",26.0,95.30250860796852
2021-05-24 06:12:31.703876,2.4,2.5,3498.89453125,43182.9296875,11471.4296875,"{'rc': 0, 'wc': 1117, 'rb': 0, 'wb': 1103765504}","{'sent': 21924, 'recv': 446230}",33.0,95.30250860796852
2021-05-24 06:12:31.854928,0.0,3.75,3499.19921875,43183.46875,11471.4296875,"{'rc': 0, 'wc': 1117, 'rb': 0, 'wb': 1103765504}","{'sent': 21924, 'recv': 448576}",32.0,95.30250860796852
2021-05-24 06:12:32.001291,2.4,2.5,3507.10546875,43191.39453125,11471.4296875,"{'rc': 0, 'wc': 1117, 'rb': 0, 'wb': 1103765504}","{'sent': 22304, 'recv': 451636}",44.0,95.30250860796852
2021-05-24 06:12:32.147363,2.4,0.0,3507.91796875,43192.09765625,11471.4296875,"{'rc': 0, 'wc': 1117, 'rb': 0, 'wb': 1103765504}","{'sent': 22304, 'recv': 454642}",0.0,95.30250860796852
2021-05-24 06:12:32.290422,0.0,1.25,3508.0,43192.234375,11471.4296875,"{'rc': 0, 'wc': 1126, 'rb': 0, 'wb': 1113464832}","{'sent': 22304, 'recv': 456742}",0.0,95.30250860796852
2021-05-24 06:12:32.442695,0.0,0.0,3507.44921875,43191.7421875,11471.4296875,"{'rc': 0, 'wc': 1156, 'rb': 0, 'wb': 1144922112}","{'sent': 22304, 'recv': 458662}",0.0,95.30250860796852
2021-05-24 06:12:32.602693,2.3,3.75,3507.58203125,43191.96484375,11471.4296875,"{'rc': 0, 'wc': 1186, 'rb': 0, 'wb': 1176379392}","{'sent': 22708, 'recv': 461488}",16.0,95.30250860796852
2021-05-24 06:12:32.765389,100.0,7.5,3505.52734375,43192.21875,11471.4296875,"{'rc': 0, 'wc': 1220, 'rb': 0, 'wb': 1207836672}","{'sent': 22986, 'recv': 464134}",33.0,95.30250860796852
2021-05-24 06:12:32.922181,4.7,2.5,3506.3515625,43192.83984375,11471.4296875,"{'rc': 0, 'wc': 1252, 'rb': 0, 'wb': 1241391104}","{'sent': 23264, 'recv': 467440}",33.0,95.30250860796852
2021-05-24 06:12:33.061920,2.3,2.5,3505.4609375,43192.37890625,11471.4296875,"{'rc': 0, 'wc': 1279, 'rb': 0, 'wb': 1269440512}","{'sent': 23264, 'recv': 469726}",39.0,95.30250860796852
2021-05-24 06:12:33.203654,2.4,2.5,3514.23828125,43200.7421875,11471.4296875,"{'rc': 0, 'wc': 1300, 'rb': 0, 'wb': 1290129408}","{'sent': 23534, 'recv': 472066}",47.0,95.30250860796852
2021-05-24 06:12:33.346367,2.3,2.5,3514.0703125,43200.0390625,11471.4296875,"{'rc': 0, 'wc': 1300, 'rb': 0, 'wb': 1290129408}","{'sent': 23534, 'recv': 473746}",0.0,95.30250860796852
2021-05-24 06:12:33.490690,0.0,0.0,3514.24609375,43200.32421875,11471.4296875,"{'rc': 0, 'wc': 1312, 'rb': 0, 'wb': 1302712320}","{'sent': 23534, 'recv': 476392}",0.0,95.30250860796852
2021-05-24 06:12:33.642008,0.0,0.0,3516.42578125,43201.30859375,11471.4296875,"{'rc': 0, 'wc': 1343, 'rb': 0, 'wb': 1335480320}","{'sent': 23534, 'recv': 478192}",0.0,95.30250860796852
2021-05-24 06:12:33.798934,2.3,87.5,3514.34765625,43201.37109375,11471.4296875,"{'rc': 0, 'wc': 1406, 'rb': 0, 'wb': 1367879680}","{'sent': 23938, 'recv': 480718}",16.0,95.30250860796852
2021-05-24 06:12:33.963477,97.0,47.5,3514.515625,43201.4609375,11471.4296875,"{'rc': 0, 'wc': 1445, 'rb': 0, 'wb': 1403531264}","{'sent': 24216, 'recv': 483844}",33.0,95.30250860796852
2021-05-24 06:12:34.103944,4.9,0.0,3514.83984375,43201.546875,11471.4296875,"{'rc': 0, 'wc': 1474, 'rb': 0, 'wb': 1434202112}","{'sent': 24800, 'recv': 486670}",24.0,95.30250860796852
2021-05-24 06:12:34.249249,2.3,2.5,3514.38671875,43201.6015625,11471.4296875,"{'rc': 0, 'wc': 1503, 'rb': 0, 'wb': 1464348672}","{'sent': 24800, 'recv': 488770}",54.0,95.30250860796852
2021-05-24 06:12:34.413129,7.0,2.5,3514.765625,43201.90625,11471.4296875,"{'rc': 0, 'wc': 1516, 'rb': 0, 'wb': 1476648960}","{'sent': 25450, 'recv': 491980}",54.0,95.30250860796852
2021-05-24 06:12:34.574229,51.9,80.0,3515.26953125,43203.015625,11471.4296875,"{'rc': 0, 'wc': 1516, 'rb': 0, 'wb': 1476648960}","{'sent': 25728, 'recv': 494032}",22.0,95.30250860796852
2021-05-24 06:12:34.735583,68.3,2.5,3514.2421875,43202.59375,11471.4296875,"{'rc': 0, 'wc': 1516, 'rb': 0, 'wb': 1476648960}","{'sent': 26006, 'recv': 496678}",27.0,95.30250860796852
2021-05-24 06:12:34.883759,2.4,0.0,3514.5625,43203.04296875,11471.4296875,"{'rc': 0, 'wc': 1516, 'rb': 0, 'wb': 1476648960}","{'sent': 26006, 'recv': 500164}",38.0,95.30250860796852
2021-05-24 06:12:35.028391,63.0,0.0,3515.80078125,43203.0390625,11471.4296875,"{'rc': 0, 'wc': 1516, 'rb': 0, 'wb': 1476648960}","{'sent': 26554, 'recv': 502984}",56.00000000000001,95.30250860796852
2021-05-24 06:12:35.172443,35.4,65.0,3514.640625,43203.2890625,11471.4296875,"{'rc': 0, 'wc': 1516, 'rb': 0, 'wb': 1476648960}","{'sent': 26832, 'recv': 504844}",17.0,95.30250860796852
2021-05-24 06:12:35.308715,4.9,2.5,3515.1796875,43202.8828125,11471.4296875,"{'rc': 0, 'wc': 1516, 'rb': 0, 'wb': 1476648960}","{'sent': 27110, 'recv': 507490}",32.0,95.30250860796852
2021-05-24 06:12:35.455316,4.7,1.25,3516.4765625,43204.4921875,11471.4296875,"{'rc': 0, 'wc': 1516, 'rb': 0, 'wb': 1476648960}","{'sent': 27110, 'recv': 509476}",61.0,95.30250860796852
2021-05-24 06:12:35.620018,2.3,0.0,3517.6015625,43205.828125,11471.4296875,"{'rc': 0, 'wc': 1516, 'rb': 0, 'wb': 1476648960}","{'sent': 27658, 'recv': 512356}",16.0,95.30250860796852
2021-05-24 06:12:35.784460,69.6,100.0,3515.60546875,43205.73828125,11471.4296875,"{'rc': 0, 'wc': 1516, 'rb': 0, 'wb': 1476648960}","{'sent': 28242, 'recv': 515902}",33.0,95.30250860796852
2021-05-24 06:12:35.942140,4.7,2.5,3516.8515625,43204.9453125,11471.4296875,"{'rc': 0, 'wc': 1516, 'rb': 0, 'wb': 1476648960}","{'sent': 28520, 'recv': 519274}",17.0,95.30250860796852
2021-05-24 06:12:36.092865,0.0,2.5,3517.2734375,43205.171875,11471.4296875,"{'rc': 0, 'wc': 1516, 'rb': 0, 'wb': 1476648960}","{'sent': 28520, 'recv': 521374}",17.0,95.30250860796852
2021-05-24 06:12:36.241730,9.3,2.5,3517.5703125,43205.4453125,11471.4296875,"{'rc': 0, 'wc': 1516, 'rb': 0, 'wb': 1476648960}","{'sent': 29068, 'recv': 523780}",60.0,95.30250860796852
2021-05-24 06:12:36.401183,2.4,20.4175,3518.0859375,43205.33203125,11471.4296875,"{'rc': 0, 'wc': 1516, 'rb': 0, 'wb': 1476648960}","{'sent': 29346, 'recv': 526492}",21.0,95.30250860796852
2021-05-24 06:12:36.558681,94.1,6.25,3517.8359375,43206.01953125,11471.4296875,"{'rc': 0, 'wc': 1517, 'rb': 0, 'wb': 1476710400}","{'sent': 29624, 'recv': 529018}",28.000000000000004,95.30250860796852
2021-05-24 06:12:36.706639,2.4,2.5,3518.203125,43207.0703125,11471.4296875,"{'rc': 0, 'wc': 1518, 'rb': 0, 'wb': 1476714496}","{'sent': 29624, 'recv': 531904}",43.0,95.30250860796852
2021-05-24 06:12:36.847333,100.0,31.25,3517.8984375,43207.1796875,11471.4296875,"{'rc': 0, 'wc': 1518, 'rb': 0, 'wb': 1476714496}","{'sent': 30172, 'recv': 535084}",48.0,95.30250860796852
2021-05-24 06:12:37.011783,4.7,40.0,3517.37109375,43206.9140625,11471.4296875,"{'rc': 0, 'wc': 1518, 'rb': 0, 'wb': 1476714496}","{'sent': 30450, 'recv': 537484}",19.0,95.30250860796852
2021-05-24 06:12:37.155830,67.6,1.25,3519.7578125,43206.69140625,11471.4296875,"{'rc': 0, 'wc': 1518, 'rb': 0, 'wb': 1476714496}","{'sent': 30728, 'recv': 539836}",33.0,95.30250860796852
2021-05-24 06:12:37.300882,2.3,2.5,3519.04296875,43206.69921875,11471.4296875,"{'rc': 0, 'wc': 1518, 'rb': 0, 'wb': 1476714496}","{'sent': 30728, 'recv': 541816}",61.0,95.30250860796852
2021-05-24 06:12:37.448624,4.5,2.5,3519.015625,43206.94140625,11471.4296875,"{'rc': 0, 'wc': 1519, 'rb': 0, 'wb': 1476718592}","{'sent': 31536, 'recv': 544942}",0.0,95.30250860796852
2021-05-24 06:12:37.603307,4.7,0.0,3520.91796875,43207.74609375,11471.4296875,"{'rc': 0, 'wc': 1519, 'rb': 0, 'wb': 1476718592}","{'sent': 31536, 'recv': 548014}",18.0,95.30250860796852
2021-05-24 06:12:37.755841,2.4,2.5,3523.19140625,43209.55078125,11471.4296875,"{'rc': 0, 'wc': 1519, 'rb': 0, 'wb': 1476718592}","{'sent': 31536, 'recv': 551134}",18.0,95.30250860796852
2021-05-24 06:12:37.912911,4.7,2.5,3523.19921875,43209.2265625,11471.4296875,"{'rc': 0, 'wc': 1519, 'rb': 0, 'wb': 1476718592}","{'sent': 31718, 'recv': 553534}",56.99999999999999,95.30250860796852
2021-05-24 06:12:38.068326,1.4,0.0,2898.02734375,42584.12109375,11471.4296875,"{'rc': 0, 'wc': 1519, 'rb': 0, 'wb': 1476718592}","{'sent': 32428, 'recv': 556060}",57.99999999999999,95.30250860796852
