time,cpu,mem,ram,disk,disk_io,network,gpu load,gpu memutil
2021-05-03 05:22:25.526269,2.5,979.88671875,1873.8671875,10628.29296875,"{'rc': 0, 'wc': 0, 'rb': 0, 'wb': 0}","{'sent': -104339488.49389458, 'recv': -7318449632.575836}",6.0,0.0
2021-05-03 05:22:29.819810,2.5,3737.515625,4625.34765625,10628.29296875,"{'rc': 1, 'wc': 2, 'rb': 65536, 'wb': 28672}","{'sent': -104339488.49374008, 'recv': -7318449632.516968}",0.0,0.0
2021-05-03 05:22:32.752522,2.5,3535.1328125,4421.3984375,10628.29296875,"{'rc': 1, 'wc': 6, 'rb': 65536, 'wb': 94208}","{'sent': -104339488.49308205, 'recv': -7318449632.484449}",0.0,0.0
2021-05-03 05:22:39.045462,2.7,4418.6875,5171.09765625,10628.30078125,"{'rc': 1, 'wc': 10, 'rb': 65536, 'wb': 180224}","{'sent': -104339488.48751831, 'recv': -7318449632.40501}",0.0,2.1560911624856534
2021-05-03 05:22:45.053010,2.5,4421.22265625,5171.3984375,10628.30078125,"{'rc': 1, 'wc': 84, 'rb': 65536, 'wb': 643072}","{'sent': -104339488.48367119, 'recv': -7318449632.3372555}",0.0,2.1560911624856534
2021-05-03 05:22:48.475966,2.5,5490.0546875,6241.23828125,10628.30078125,"{'rc': 1, 'wc': 204, 'rb': 65536, 'wb': 101457920}","{'sent': -104339488.48367119, 'recv': -7318449632.291937}",0.0,2.1560911624856534
2021-05-03 05:22:50.582893,2.7,5491.24609375,6241.2578125,10628.30078125,"{'rc': 1, 'wc': 220, 'rb': 65536, 'wb': 118235136}","{'sent': -104339488.48367119, 'recv': -7318449632.26367}",0.0,2.1560911624856534
2021-05-03 05:22:52.699672,2.7,5792.78515625,6542.31640625,10628.30078125,"{'rc': 1, 'wc': 647, 'rb': 65536, 'wb': 566239232}","{'sent': -104339488.48367119, 'recv': -7318449632.236605}",0.0,2.1560911624856534
2021-05-03 05:22:54.806865,47.8,5780.35546875,6534.375,10628.30078125,"{'rc': 1, 'wc': 1076, 'rb': 65536, 'wb': 1015816192}","{'sent': -104339488.48367119, 'recv': -7318449632.212343}",0.0,2.1560911624856534
2021-05-03 05:22:56.941157,35.3,6883.85546875,7633.75,10628.30078125,"{'rc': 1, 'wc': 1181, 'rb': 65536, 'wb': 1123975168}","{'sent': -104339488.48352814, 'recv': -7318449632.18779}",0.0,2.1560911624856534
2021-05-03 05:22:59.278134,47.7,7270.20703125,8018.98828125,10628.30078125,"{'rc': 1, 'wc': 1181, 'rb': 65536, 'wb': 1123975168}","{'sent': -104339488.48171806, 'recv': -7318449632.159227}",0.0,2.1560911624856534
2021-05-03 05:23:01.456607,27.7,8029.4140625,8778.09765625,10628.30078125,"{'rc': 1, 'wc': 1181, 'rb': 65536, 'wb': 1123975168}","{'sent': -104339488.48143196, 'recv': -7318449632.133919}",0.0,2.1560911624856534
2021-05-03 05:23:03.617600,2.5,8029.71875,8778.10546875,10628.30078125,"{'rc': 1, 'wc': 1181, 'rb': 65536, 'wb': 1123975168}","{'sent': -104339488.48119164, 'recv': -7318449632.108788}",0.0,2.1560911624856534
2021-05-03 05:23:07.900950,2.6,8030.7265625,8778.19921875,10628.30078125,"{'rc': 1, 'wc': 1183, 'rb': 65536, 'wb': 1123999744}","{'sent': -104339488.48088074, 'recv': -7318449632.077768}",0.0,2.1560911624856534
2021-05-03 05:23:11.043682,31.2,9705.875,10450.859375,10628.30078125,"{'rc': 1, 'wc': 1185, 'rb': 65536, 'wb': 1124007936}","{'sent': -104339488.47992134, 'recv': -7318449632.011421}",0.0,2.1560911624856534
2021-05-03 05:23:13.243673,47.6,11178.98046875,11916.3046875,10628.30078125,"{'rc': 1, 'wc': 1185, 'rb': 65536, 'wb': 1124007936}","{'sent': -104339488.4793911, 'recv': -7318449631.982113}",0.0,2.1560911624856534
2021-05-03 05:23:15.503365,56.1,11630.828125,12367.57421875,10628.30078125,"{'rc': 1, 'wc': 1186, 'rb': 65536, 'wb': 1124012032}","{'sent': -104339488.47890854, 'recv': -7318449631.952414}",0.0,2.1560911624856534
2021-05-03 05:23:17.784763,40.4,11925.0703125,12661.859375,10628.30078125,"{'rc': 1, 'wc': 1186, 'rb': 65536, 'wb': 1124012032}","{'sent': -104339488.47864342, 'recv': -7318449631.920422}",0.0,2.1560911624856534
2021-05-03 05:23:20.061879,26.0,14108.41015625,14839.82421875,10628.30078125,"{'rc': 1, 'wc': 1186, 'rb': 65536, 'wb': 1124012032}","{'sent': -104339488.47864342, 'recv': -7318449631.889751}",0.0,2.1560911624856534
2021-05-03 05:23:22.408853,41.1,13178.29296875,13911.48828125,10628.30078125,"{'rc': 1, 'wc': 1194, 'rb': 65536, 'wb': 1124077568}","{'sent': -104339488.47864342, 'recv': -7318449631.85788}",0.0,2.1560911624856534
2021-05-03 05:23:24.784920,20.2,11855.8671875,12590.05859375,10628.30078125,"{'rc': 1, 'wc': 1194, 'rb': 65536, 'wb': 1124077568}","{'sent': -104339488.47828102, 'recv': -7318449631.827541}",0.0,2.1560911624856534
2021-05-03 05:23:27.125299,57.0,12198.734375,12936.23046875,10628.30078125,"{'rc': 1, 'wc': 1194, 'rb': 65536, 'wb': 1124077568}","{'sent': -104339488.4773655, 'recv': -7318449631.796562}",0.0,2.1560911624856534
2021-05-03 05:23:29.502112,53.2,12196.90234375,12932.421875,10628.30078125,"{'rc': 1, 'wc': 1213, 'rb': 65536, 'wb': 1142992896}","{'sent': -104339488.47703743, 'recv': -7318449631.767025}",0.0,2.1560911624856534
2021-05-03 05:23:31.872306,58.7,12346.34765625,13080.8984375,10628.30078125,"{'rc': 1, 'wc': 1293, 'rb': 65536, 'wb': 1224790016}","{'sent': -104339488.47677231, 'recv': -7318449631.73572}",0.0,2.1560911624856534
2021-05-03 05:23:34.267582,14.7,13283.1640625,14017.01953125,10628.30078125,"{'rc': 1, 'wc': 1329, 'rb': 65536, 'wb': 1224945664}","{'sent': -104339488.47624207, 'recv': -7318449631.704638}",0.0,2.1560911624856534
2021-05-03 05:23:36.948741,25.3,14046.078125,14778.703125,10628.30078125,"{'rc': 1, 'wc': 1773, 'rb': 65536, 'wb': 1688416256}","{'sent': -104339488.47624207, 'recv': -7318449631.670763}",0.0,2.1560911624856534
2021-05-03 05:23:39.442602,34.9,12546.23046875,13282.1796875,10628.30078125,"{'rc': 1, 'wc': 1778, 'rb': 65536, 'wb': 1688436736}","{'sent': -104339488.47624207, 'recv': -7318449631.637976}",0.0,2.1560911624856534
2021-05-03 05:23:41.778354,0.2,12737.29296875,13471.4765625,10628.30078125,"{'rc': 1, 'wc': 1869, 'rb': 65536, 'wb': 1782067200}","{'sent': -104339488.47598457, 'recv': -7318449631.606613}",0.0,2.1560911624856534
2021-05-03 05:23:44.118852,57.2,12273.2734375,13009.9453125,10628.30078125,"{'rc': 2, 'wc': 2319, 'rb': 69632, 'wb': 2252587008}","{'sent': -104339488.47533417, 'recv': -7318449631.574902}",0.0,2.1560911624856534
2021-05-03 05:23:46.525793,54.2,12356.609375,13091.3046875,10628.30078125,"{'rc': 2, 'wc': 2321, 'rb': 69632, 'wb': 2252673024}","{'sent': -104339488.47256947, 'recv': -7318449631.543921}",0.0,2.1560911624856534
2021-05-03 05:23:48.946177,53.8,12393.953125,13129.79296875,10628.30078125,"{'rc': 2, 'wc': 2321, 'rb': 69632, 'wb': 2252673024}","{'sent': -104339488.47230434, 'recv': -7318449631.515191}",0.0,2.1560911624856534
2021-05-03 05:23:51.377612,54.9,12398.86328125,13134.49609375,10628.30078125,"{'rc': 2, 'wc': 2363, 'rb': 69632, 'wb': 2252869632}","{'sent': -104339488.4717741, 'recv': -7318449631.485082}",0.0,2.1560911624856534
2021-05-03 05:23:53.876630,45.6,14365.3359375,15096.8125,10628.30078125,"{'rc': 2, 'wc': 2363, 'rb': 69632, 'wb': 2252869632}","{'sent': -104339488.4716196, 'recv': -7318449631.450881}",0.0,2.1560911624856534
2021-05-03 05:23:56.302342,53.7,13387.74609375,14121.19921875,10628.30078125,"{'rc': 2, 'wc': 2367, 'rb': 69632, 'wb': 2252886016}","{'sent': -104339488.47156811, 'recv': -7318449631.417121}",0.0,2.1560911624856534
2021-05-03 05:23:58.682998,2.2,12712.58203125,13446.75,10628.30078125,"{'rc': 2, 'wc': 2368, 'rb': 69632, 'wb': 2252890112}","{'sent': -104339488.47120571, 'recv': -7318449631.384322}",0.0,2.1560911624856534
2021-05-03 05:24:01.058408,25.9,12211.1015625,12947.57421875,10628.30078125,"{'rc': 2, 'wc': 2682, 'rb': 69632, 'wb': 2582142976}","{'sent': -104339488.47120571, 'recv': -7318449631.351592}",0.0,2.1560911624856534
2021-05-03 05:24:03.450593,54.0,12422.7109375,13158.2734375,10628.30078125,"{'rc': 2, 'wc': 2911, 'rb': 69632, 'wb': 2817024000}","{'sent': -104339488.4705553, 'recv': -7318449631.319989}",0.0,2.1560911624856534
2021-05-03 05:24:05.883395,55.7,12463.46875,13198.89453125,10628.30078125,"{'rc': 2, 'wc': 2913, 'rb': 69632, 'wb': 2817114112}","{'sent': -104339488.47029018, 'recv': -7318449631.288283}",0.0,2.1560911624856534
2021-05-03 05:24:08.321897,58.5,12592.45703125,13326.55859375,10628.30078125,"{'rc': 2, 'wc': 2913, 'rb': 69632, 'wb': 2817114112}","{'sent': -104339488.47002506, 'recv': -7318449631.254975}",0.0,2.1560911624856534
2021-05-03 05:24:10.784255,40.3,12483.1875,13217.86328125,10628.30078125,"{'rc': 2, 'wc': 2913, 'rb': 69632, 'wb': 2817114112}","{'sent': -104339488.46975994, 'recv': -7318449631.218005}",0.0,2.1560911624856534
2021-05-03 05:24:13.139794,20.0,14621.33984375,15352.015625,10628.30078125,"{'rc': 2, 'wc': 2913, 'rb': 69632, 'wb': 2817114112}","{'sent': -104339488.46975994, 'recv': -7318449631.185561}",0.0,2.1560911624856534
2021-05-03 05:24:15.566486,39.1,13858.24609375,14602.8359375,10628.30078125,"{'rc': 2, 'wc': 2913, 'rb': 69632, 'wb': 2817114112}","{'sent': -104339488.46975994, 'recv': -7318449631.152602}",0.0,2.1560911624856534
2021-05-03 05:24:18.104370,0.8,13028.37109375,13760.84375,10628.30078125,"{'rc': 2, 'wc': 2913, 'rb': 69632, 'wb': 2817114112}","{'sent': -104339488.46950245, 'recv': -7318449631.1191225}",0.0,2.1560911624856534
2021-05-03 05:24:20.497931,59.6,12555.26953125,13290.0390625,10628.30078125,"{'rc': 2, 'wc': 3343, 'rb': 69632, 'wb': 3268001792}","{'sent': -104339488.46906567, 'recv': -7318449631.086049}",0.0,2.1560911624856534
2021-05-03 05:24:22.963177,60.5,12398.4765625,13133.46875,10628.30078125,"{'rc': 2, 'wc': 3452, 'rb': 69632, 'wb': 3381219328}","{'sent': -104339488.46853542, 'recv': -7318449631.053296}",0.0,2.1560911624856534
2021-05-03 05:24:25.412281,55.4,12469.5,13205.16796875,10628.30078125,"{'rc': 2, 'wc': 3454, 'rb': 69632, 'wb': 3381301248}","{'sent': -104339488.46674633, 'recv': -7318449631.020843}",0.0,2.1560911624856534
2021-05-03 05:24:27.840802,53.7,12457.6875,13192.01953125,10628.30078125,"{'rc': 2, 'wc': 3454, 'rb': 69632, 'wb': 3381301248}","{'sent': -104339488.46638203, 'recv': -7318449630.986962}",0.0,2.1560911624856534
2021-05-03 05:24:30.259689,9.5,13424.56640625,14157.140625,10628.30078125,"{'rc': 2, 'wc': 3490, 'rb': 69632, 'wb': 3381477376}","{'sent': -104339488.46585178, 'recv': -7318449630.952561}",0.0,2.1560911624856534
2021-05-03 05:24:32.948494,27.7,13764.6171875,14498.5625,10628.30078125,"{'rc': 2, 'wc': 3490, 'rb': 69632, 'wb': 3381477376}","{'sent': -104339488.46585178, 'recv': -7318449630.913079}",0.0,2.1560911624856534
2021-05-03 05:24:35.502866,18.8,13045.4375,13777.3984375,10628.30078125,"{'rc': 2, 'wc': 3494, 'rb': 69632, 'wb': 3381493760}","{'sent': -104339488.46585178, 'recv': -7318449630.8762865}",0.0,2.1560911624856534
2021-05-03 05:24:37.893168,0.1,13045.53515625,13777.77734375,10628.30078125,"{'rc': 2, 'wc': 3702, 'rb': 69632, 'wb': 3599597568}","{'sent': -104339488.46548939, 'recv': -7318449630.844003}",0.0,2.1560911624856534
2021-05-03 05:24:40.327772,60.4,12543.97265625,13279.2734375,10628.30078125,"{'rc': 3, 'wc': 4043, 'rb': 73728, 'wb': 3945668608}","{'sent': -104339488.46483898, 'recv': -7318449630.811999}",0.0,2.1560911624856534
2021-05-03 05:24:42.777350,58.1,12769.21875,13503.8515625,10628.30078125,"{'rc': 3, 'wc': 4045, 'rb': 73728, 'wb': 3945750528}","{'sent': -104339488.46457386, 'recv': -7318449630.780923}",0.0,2.1560911624856534
2021-05-03 05:24:45.220796,56.3,12742.55859375,13475.86328125,10628.30078125,"{'rc': 3, 'wc': 4045, 'rb': 73728, 'wb': 3945750528}","{'sent': -104339488.46399212, 'recv': -7318449630.749841}",0.0,2.1560911624856534
2021-05-03 05:24:47.712529,43.5,12768.5,13503.1953125,10628.30078125,"{'rc': 3, 'wc': 4045, 'rb': 73728, 'wb': 3945750528}","{'sent': -104339488.463727, 'recv': -7318449630.719508}",0.0,2.1560911624856534
2021-05-03 05:24:50.093430,20.0,14908.23828125,15637.24609375,10628.30078125,"{'rc': 3, 'wc': 4045, 'rb': 73728, 'wb': 3945750528}","{'sent': -104339488.463727, 'recv': -7318449630.690612}",0.0,2.1560911624856534
2021-05-03 05:24:52.550954,33.2,13774.44140625,14513.95703125,10628.30078125,"{'rc': 3, 'wc': 4045, 'rb': 73728, 'wb': 3945750528}","{'sent': -104339488.463727, 'recv': -7318449630.659999}",0.0,2.1560911624856534
2021-05-03 05:24:55.117176,1.2,13125.1484375,13857.62109375,10628.30078125,"{'rc': 3, 'wc': 4045, 'rb': 73728, 'wb': 3945750528}","{'sent': -104339488.4634695, 'recv': -7318449630.627206}",0.0,2.1560911624856534
2021-05-03 05:24:57.522047,49.2,12680.3984375,13413.55859375,10628.30078125,"{'rc': 3, 'wc': 4447, 'rb': 73728, 'wb': 4367278080}","{'sent': -104339488.4634695, 'recv': -7318449630.597394}",0.0,2.1560911624856534
2021-05-03 05:24:59.970675,59.7,12670.140625,13402.9296875,10628.30078125,"{'rc': 3, 'wc': 4584, 'rb': 73728, 'wb': 4509855744}","{'sent': -104339488.46024132, 'recv': -7318449630.565196}",0.0,2.1560911624856534
2021-05-03 05:25:02.434334,53.7,12894.78515625,13628.20703125,10628.3046875,"{'rc': 3, 'wc': 4586, 'rb': 73728, 'wb': 4509937664}","{'sent': -104339488.4599762, 'recv': -7318449630.534005}",0.0,2.1560911624856534
2021-05-03 05:25:04.931832,55.1,12894.64453125,13626.63671875,10628.3046875,"{'rc': 3, 'wc': 4655, 'rb': 73728, 'wb': 4510302208}","{'sent': -104339488.45944595, 'recv': -7318449630.503953}",0.0,2.1560911624856534
2021-05-03 05:25:07.719233,45.3,15012.82421875,15742.6171875,10628.3046875,"{'rc': 3, 'wc': 4655, 'rb': 73728, 'wb': 4510302208}","{'sent': -104339488.45918083, 'recv': -7318449630.467956}",0.0,2.1560911624856534
2021-05-03 05:25:10.233293,52.3,13982.60546875,14714.203125,10628.3046875,"{'rc': 3, 'wc': 4656, 'rb': 73728, 'wb': 4510306304}","{'sent': -104339488.45911026, 'recv': -7318449630.435327}",0.0,2.1560911624856534
2021-05-03 05:25:12.665103,2.5,13242.671875,13976.63671875,10628.3046875,"{'rc': 3, 'wc': 4659, 'rb': 73728, 'wb': 4510326784}","{'sent': -104339488.45739937, 'recv': -7318449630.405976}",0.0,2.1560911624856534
2021-05-03 05:25:15.083878,23.3,12705.32421875,13442.265625,10628.3046875,"{'rc': 3, 'wc': 4961, 'rb': 73728, 'wb': 4820774912}","{'sent': -104339488.45587635, 'recv': -7318449630.3763895}",0.0,2.1560911624856534
2021-05-03 05:25:17.553706,54.3,12678.76953125,13413.24609375,10628.3046875,"{'rc': 3, 'wc': 5244, 'rb': 73728, 'wb': 5074702336}","{'sent': -104339488.45522594, 'recv': -7318449630.349135}",0.0,2.1560911624856534
2021-05-03 05:25:20.023582,47.8,12853.26171875,13587.3046875,10628.30859375,"{'rc': 3, 'wc': 5246, 'rb': 73728, 'wb': 5074788352}","{'sent': -104339488.45308304, 'recv': -7318449630.316963}",0.0,2.1560911624856534
2021-05-03 05:25:22.531723,53.6,12834.4296875,13569.703125,10628.30859375,"{'rc': 3, 'wc': 5279, 'rb': 73728, 'wb': 5074939904}","{'sent': -104339488.45200825, 'recv': -7318449630.284636}",0.0,2.1560911624856534
2021-05-03 05:25:24.998890,16.5,14965.640625,15702.796875,10628.30859375,"{'rc': 3, 'wc': 5279, 'rb': 73728, 'wb': 5074939904}","{'sent': -104339488.451478, 'recv': -7318449630.253897}",0.0,2.1560911624856534
2021-05-03 05:25:27.596215,24.2,13961.22265625,14693.62890625,10628.30859375,"{'rc': 3, 'wc': 5281, 'rb': 73728, 'wb': 5074976768}","{'sent': -104339488.451478, 'recv': -7318449630.222197}",0.0,2.1560911624856534
2021-05-03 05:25:30.188202,24.5,13188.875,13923.09375,10628.30859375,"{'rc': 3, 'wc': 5281, 'rb': 73728, 'wb': 5074976768}","{'sent': -104339488.451478, 'recv': -7318449630.192499}",0.0,2.1560911624856534
2021-05-03 05:25:32.593500,0.2,13275.15625,14007.3984375,10628.30859375,"{'rc': 3, 'wc': 5419, 'rb': 73728, 'wb': 5205028864}","{'sent': -104339488.45122051, 'recv': -7318449630.161594}",0.0,2.1560911624856534
2021-05-03 05:25:35.013424,59.8,12775.3359375,13508.4140625,10628.30859375,"{'rc': 3, 'wc': 5834, 'rb': 73728, 'wb': 5639110656}","{'sent': -104339488.4505701, 'recv': -7318449630.13085}",0.0,2.1560911624856534
2021-05-03 05:25:37.481048,51.3,12864.82421875,13597.23046875,10628.30859375,"{'rc': 3, 'wc': 5836, 'rb': 73728, 'wb': 5639192576}","{'sent': -104339488.45015335, 'recv': -7318449630.101547}",0.0,2.1560911624856534
2021-05-03 05:25:39.929689,50.4,12799.54296875,13532.3984375,10628.30859375,"{'rc': 3, 'wc': 5836, 'rb': 73728, 'wb': 5639192576}","{'sent': -104339488.44988823, 'recv': -7318449630.07213}",0.0,2.1560911624856534
2021-05-03 05:25:42.354263,14.0,13792.78125,14524.2890625,10628.30859375,"{'rc': 3, 'wc': 5836, 'rb': 73728, 'wb': 5639192576}","{'sent': -104339488.44962311, 'recv': -7318449630.041111}",0.0,2.1560911624856534
2021-05-03 05:25:45.113313,18.6,14513.390625,15241.8203125,10628.30859375,"{'rc': 3, 'wc': 5836, 'rb': 73728, 'wb': 5639192576}","{'sent': -104339488.44962311, 'recv': -7318449630.006836}",0.0,2.1560911624856534
2021-05-03 05:25:47.681949,40.2,13188.9921875,13922.0625,10628.30859375,"{'rc': 3, 'wc': 5836, 'rb': 73728, 'wb': 5639192576}","{'sent': -104339488.44962311, 'recv': -7318449629.973476}",0.0,2.1560911624856534
2021-05-03 05:25:50.106817,0.2,13447.82421875,14179.0625,10628.30859375,"{'rc': 3, 'wc': 5933, 'rb': 73728, 'wb': 5735735296}","{'sent': -104339488.44931412, 'recv': -7318449629.941084}",0.0,2.1560911624856534
2021-05-03 05:25:52.541370,55.8,12888.1875,13622.1953125,10628.30859375,"{'rc': 4, 'wc': 6380, 'rb': 77824, 'wb': 6203371520}","{'sent': -104339488.44866371, 'recv': -7318449629.911427}",0.0,2.1560911624856534
2021-05-03 05:25:55.029405,49.6,12849.0,13581.50390625,10628.30859375,"{'rc': 4, 'wc': 6380, 'rb': 77824, 'wb': 6203371520}","{'sent': -104339488.44839859, 'recv': -7318449629.880693}",0.0,2.1560911624856534
2021-05-03 05:25:57.501568,43.2,12837.94921875,13572.30859375,10628.30859375,"{'rc': 4, 'wc': 6382, 'rb': 77824, 'wb': 6203453440}","{'sent': -104339488.44813347, 'recv': -7318449629.852249}",0.0,2.1560911624856534
2021-05-03 05:26:00.008033,17.4,14216.80859375,14947.3671875,10628.30859375,"{'rc': 4, 'wc': 6382, 'rb': 77824, 'wb': 6203453440}","{'sent': -104339488.44760323, 'recv': -7318449629.821968}",0.0,2.1560911624856534
2021-05-03 05:26:02.589979,28.7,13914.89453125,14653.2109375,10628.30859375,"{'rc': 4, 'wc': 6382, 'rb': 77824, 'wb': 6203453440}","{'sent': -104339488.44589043, 'recv': -7318449629.788187}",0.0,2.1560911624856534
2021-05-03 05:26:05.175203,56.5,12347.1171875,13081.546875,10628.30859375,"{'rc': 4, 'wc': 6382, 'rb': 77824, 'wb': 6203453440}","{'sent': -104339488.44578743, 'recv': -7318449629.758089}",0.0,2.1560911624856534
2021-05-03 05:26:07.596698,52.7,12407.70703125,13149.9453125,10628.30859375,"{'rc': 4, 'wc': 6417, 'rb': 77824, 'wb': 6203621376}","{'sent': -104339488.44473457, 'recv': -7318449629.729628}",0.0,2.1560911624856534
2021-05-03 05:26:10.058960,45.7,12437.953125,13171.36328125,10628.30859375,"{'rc': 4, 'wc': 6417, 'rb': 77824, 'wb': 6203621376}","{'sent': -104339488.44436646, 'recv': -7318449629.701241}",0.0,2.1560911624856534
2021-05-03 05:26:12.530915,51.4,12458.3984375,13192.77734375,10628.30859375,"{'rc': 4, 'wc': 6422, 'rb': 77824, 'wb': 6203641856}","{'sent': -104339488.44383621, 'recv': -7318449629.668505}",0.0,2.1560911624856534
2021-05-03 05:26:15.074283,36.5,14576.93359375,15307.88671875,10628.30859375,"{'rc': 4, 'wc': 6422, 'rb': 77824, 'wb': 6203641856}","{'sent': -104339488.44383621, 'recv': -7318449629.636799}",0.0,2.1560911624856534
2021-05-03 05:26:17.572191,44.4,13619.73046875,14352.46484375,10628.30859375,"{'rc': 4, 'wc': 6422, 'rb': 77824, 'wb': 6203641856}","{'sent': -104339488.44351959, 'recv': -7318449629.602585}",0.0,2.1560911624856534
2021-05-03 05:26:20.050224,1.7,13111.52734375,13843.515625,10628.30859375,"{'rc': 4, 'wc': 6422, 'rb': 77824, 'wb': 6203641856}","{'sent': -104339488.4432621, 'recv': -7318449629.56447}",0.0,2.1560911624856534
2021-05-03 05:26:22.477474,35.1,12464.76171875,13198.14453125,10628.30859375,"{'rc': 4, 'wc': 6785, 'rb': 77824, 'wb': 6570729472}","{'sent': -104339488.44307327, 'recv': -7318449629.530121}",0.0,2.1560911624856534
2021-05-03 05:26:24.962734,54.6,12532.98828125,13265.62109375,10628.30859375,"{'rc': 4, 'wc': 6974, 'rb': 77824, 'wb': 6767833088}","{'sent': -104339488.44205475, 'recv': -7318449629.495937}",0.0,2.1560911624856534
2021-05-03 05:26:27.414311,49.0,12447.6015625,13182.2109375,10628.30859375,"{'rc': 4, 'wc': 6977, 'rb': 77824, 'wb': 6767919104}","{'sent': -104339488.44178963, 'recv': -7318449629.463373}",0.0,2.1560911624856534
2021-05-03 05:26:29.917392,50.8,12468.05859375,13200.46484375,10628.30859375,"{'rc': 4, 'wc': 6977, 'rb': 77824, 'wb': 6767919104}","{'sent': -104339488.44119644, 'recv': -7318449629.428509}",0.0,2.1560911624856534
2021-05-03 05:26:32.418157,41.6,14573.41796875,15301.59375,10628.30859375,"{'rc': 4, 'wc': 6977, 'rb': 77824, 'wb': 6767919104}","{'sent': -104339488.44114494, 'recv': -7318449629.39555}",0.0,2.1560911624856534
2021-05-03 05:26:34.912112,47.8,13615.1875,14346.21484375,10628.30859375,"{'rc': 4, 'wc': 6977, 'rb': 77824, 'wb': 6767919104}","{'sent': -104339488.44109344, 'recv': -7318449629.365452}",0.0,2.1560911624856534
2021-05-03 05:26:37.359139,1.9,13008.51953125,13740.08203125,10628.30859375,"{'rc': 4, 'wc': 6977, 'rb': 77824, 'wb': 6767919104}","{'sent': -104339488.44078445, 'recv': -7318449629.335405}",0.0,2.1560911624856534
2021-05-03 05:26:39.791145,39.8,12503.5546875,13237.34375,10628.30859375,"{'rc': 4, 'wc': 7324, 'rb': 77824, 'wb': 7132037120}","{'sent': -104339488.44078445, 'recv': -7318449629.305193}",0.0,2.1560911624856534
2021-05-03 05:26:42.298761,47.6,12651.3671875,13384.6796875,10628.30859375,"{'rc': 4, 'wc': 7516, 'rb': 77824, 'wb': 7332024320}","{'sent': -104339488.4396038, 'recv': -7318449629.273693}",0.0,2.1560911624856534
2021-05-03 05:26:44.824142,48.6,12505.2734375,13238.08984375,10628.30859375,"{'rc': 4, 'wc': 7518, 'rb': 77824, 'wb': 7332110336}","{'sent': -104339488.43933868, 'recv': -7318449629.243074}",0.0,2.1560911624856534
2021-05-03 05:26:47.334520,51.5,12540.34375,13273.03125,10628.30859375,"{'rc': 4, 'wc': 7518, 'rb': 77824, 'wb': 7332110336}","{'sent': -104339488.43880844, 'recv': -7318449629.213079}",0.0,2.1560911624856534
2021-05-03 05:26:49.778827,31.4,14641.40625,15370.44921875,10628.30859375,"{'rc': 4, 'wc': 7518, 'rb': 77824, 'wb': 7332110336}","{'sent': -104339488.43880844, 'recv': -7318449629.183668}",0.0,2.1560911624856534
2021-05-03 05:26:52.251317,49.3,13684.65625,14415.9296875,10628.30859375,"{'rc': 4, 'wc': 7518, 'rb': 77824, 'wb': 7332110336}","{'sent': -104339488.43880844, 'recv': -7318449629.149393}",0.0,2.1560911624856534
2021-05-03 05:26:54.802788,54.5,12563.91796875,13297.54296875,10628.30859375,"{'rc': 4, 'wc': 7518, 'rb': 77824, 'wb': 7332110336}","{'sent': -104339488.4380207, 'recv': -7318449629.114414}",0.0,2.1560911624856534
2021-05-03 05:26:57.248181,51.9,12582.80859375,13314.34765625,10628.30859375,"{'rc': 4, 'wc': 7518, 'rb': 77824, 'wb': 7332110336}","{'sent': -104339488.43775558, 'recv': -7318449629.083738}",0.0,2.1560911624856534
2021-05-03 05:26:59.719787,52.5,12562.109375,13295.484375,10628.30859375,"{'rc': 4, 'wc': 7518, 'rb': 77824, 'wb': 7332110336}","{'sent': -104339488.43749046, 'recv': -7318449629.050316}",0.0,2.1560911624856534
2021-05-03 05:27:02.202297,14.4,13388.00390625,14118.48046875,10628.30859375,"{'rc': 4, 'wc': 7528, 'rb': 77824, 'wb': 7332200448}","{'sent': -104339488.43722534, 'recv': -7318449629.015406}",0.0,2.1560911624856534
2021-05-03 05:27:05.076688,19.5,14575.125,15302.96875,10628.30859375,"{'rc': 4, 'wc': 7528, 'rb': 77824, 'wb': 7332200448}","{'sent': -104339488.43722534, 'recv': -7318449628.980215}",0.0,2.1560911624856534
2021-05-03 05:27:07.611478,40.9,12553.203125,13286.18359375,10628.30859375,"{'rc': 4, 'wc': 7528, 'rb': 77824, 'wb': 7332200448}","{'sent': -104339488.43722534, 'recv': -7318449628.951433}",0.0,2.1560911624856534
2021-05-03 05:27:10.005935,0.2,12946.63671875,13677.58984375,10628.30859375,"{'rc': 4, 'wc': 7570, 'rb': 77824, 'wb': 7376240640}","{'sent': -104339488.43696785, 'recv': -7318449628.924362}",0.0,2.1560911624856534
2021-05-03 05:27:12.429545,54.9,12422.02734375,13154.19921875,10628.30859375,"{'rc': 5, 'wc': 8063, 'rb': 81920, 'wb': 7893450752}","{'sent': -104339488.43658257, 'recv': -7318449628.895569}",0.0,2.1560911624856534
2021-05-03 05:27:14.924559,48.2,12517.28125,13248.3125,10628.30859375,"{'rc': 5, 'wc': 8067, 'rb': 81920, 'wb': 7896305664}","{'sent': -104339488.43605232, 'recv': -7318449628.863228}",0.0,2.1560911624856534
2021-05-03 05:27:17.433017,44.2,12481.33984375,13214.5859375,10628.30859375,"{'rc': 5, 'wc': 8069, 'rb': 81920, 'wb': 7896387584}","{'sent': -104339488.4357357, 'recv': -7318449628.830778}",0.0,2.1560911624856534
2021-05-03 05:27:19.950605,39.2,12420.703125,13153.6875,10628.30859375,"{'rc': 5, 'wc': 8069, 'rb': 81920, 'wb': 7896387584}","{'sent': -104339488.43547058, 'recv': -7318449628.801762}",0.0,2.1560911624856534
2021-05-03 05:27:22.346935,20.1,14521.98046875,15252.22265625,10628.30859375,"{'rc': 5, 'wc': 8069, 'rb': 81920, 'wb': 7896387584}","{'sent': -104339488.43547058, 'recv': -7318449628.774982}",0.0,2.1560911624856534
2021-05-03 05:27:24.837861,36.6,13527.5078125,14261.24609375,10628.30859375,"{'rc': 5, 'wc': 8069, 'rb': 81920, 'wb': 7896387584}","{'sent': -104339488.43541908, 'recv': -7318449628.747002}",0.0,2.1560911624856534
2021-05-03 05:27:27.435726,0.9,12959.078125,13689.33203125,10628.30859375,"{'rc': 5, 'wc': 8069, 'rb': 81920, 'wb': 7896387584}","{'sent': -104339488.43297291, 'recv': -7318449628.714509}",0.0,2.1560911624856534
2021-05-03 05:27:29.866077,53.7,12437.55078125,13169.875,10628.30859375,"{'rc': 5, 'wc': 8498, 'rb': 81920, 'wb': 8346488832}","{'sent': -104339488.43184853, 'recv': -7318449628.68518}",0.0,2.1560911624856534
2021-05-03 05:27:32.348318,54.0,12542.37890625,13273.94140625,10628.30859375,"{'rc': 5, 'wc': 8608, 'rb': 81920, 'wb': 8460492800}","{'sent': -104339488.43118095, 'recv': -7318449628.653148}",0.0,2.1560911624856534
2021-05-03 05:27:34.842773,47.1,12473.1875,13203.9765625,10628.30859375,"{'rc': 5, 'wc': 8649, 'rb': 81920, 'wb': 8460767232}","{'sent': -104339488.43091583, 'recv': -7318449628.619382}",0.0,2.1560911624856534
2021-05-03 05:27:37.270721,35.6,12507.55859375,13238.1328125,10628.30859375,"{'rc': 5, 'wc': 8649, 'rb': 81920, 'wb': 8460767232}","{'sent': -104339488.43038559, 'recv': -7318449628.589044}",0.0,2.1560911624856534
2021-05-03 05:27:39.667853,20.0,14608.1640625,15336.12109375,10628.30859375,"{'rc': 5, 'wc': 8650, 'rb': 81920, 'wb': 8460771328}","{'sent': -104339488.43038559, 'recv': -7318449628.558774}",0.0,2.1560911624856534
2021-05-03 05:27:42.150359,42.3,13648.91796875,14379.98046875,10628.30859375,"{'rc': 5, 'wc': 8650, 'rb': 81920, 'wb': 8460771328}","{'sent': -104339488.43038559, 'recv': -7318449628.528447}",0.0,2.1560911624856534
2021-05-03 05:27:44.660372,54.7,12471.6875,13204.77734375,10628.30859375,"{'rc': 5, 'wc': 8650, 'rb': 81920, 'wb': 8460771328}","{'sent': -104339488.42933273, 'recv': -7318449628.498275}",0.0,2.1560911624856534
2021-05-03 05:27:47.143010,54.5,12395.10546875,13124.62109375,10628.30859375,"{'rc': 5, 'wc': 8650, 'rb': 81920, 'wb': 8460771328}","{'sent': -104339488.42906761, 'recv': -7318449628.470054}",0.0,2.1560911624856534
2021-05-03 05:27:49.599238,49.0,12362.0859375,13093.3359375,10628.30859375,"{'rc': 5, 'wc': 8660, 'rb': 81920, 'wb': 8460857344}","{'sent': -104339488.42727852, 'recv': -7318449628.441548}",0.0,2.1560911624856534
2021-05-03 05:27:52.079384,15.2,13307.68359375,14036.015625,10628.30859375,"{'rc': 5, 'wc': 8660, 'rb': 81920, 'wb': 8460857344}","{'sent': -104339488.42674828, 'recv': -7318449628.408807}",0.0,2.1560911624856534
2021-05-03 05:27:54.854884,20.1,14493.50390625,15220.31640625,10628.30859375,"{'rc': 5, 'wc': 8662, 'rb': 81920, 'wb': 8460881920}","{'sent': -104339488.42674828, 'recv': -7318449628.372071}",0.0,2.1560911624856534
2021-05-03 05:27:57.358390,47.3,12329.3984375,13062.81640625,10628.30859375,"{'rc': 5, 'wc': 8662, 'rb': 81920, 'wb': 8460881920}","{'sent': -104339488.42669678, 'recv': -7318449628.340028}",0.0,2.1560911624856534
2021-05-03 05:27:59.842480,47.1,12401.3203125,13133.54296875,10628.30859375,"{'rc': 5, 'wc': 8662, 'rb': 81920, 'wb': 8460881920}","{'sent': -104339488.4251213, 'recv': -7318449628.307725}",0.0,2.1560911624856534
2021-05-03 05:28:02.288706,48.1,12419.15234375,13152.08203125,10628.30859375,"{'rc': 5, 'wc': 8662, 'rb': 81920, 'wb': 8460881920}","{'sent': -104339488.42480469, 'recv': -7318449628.277392}",0.0,2.1560911624856534
2021-05-03 05:28:04.770827,44.4,12389.40625,13123.91796875,10628.30859375,"{'rc': 5, 'wc': 8666, 'rb': 81920, 'wb': 8460898304}","{'sent': -104339488.42427444, 'recv': -7318449628.24797}",0.0,2.1560911624856534
2021-05-03 05:28:07.219321,33.8,14470.265625,15198.140625,10628.30859375,"{'rc': 5, 'wc': 8666, 'rb': 81920, 'wb': 8460898304}","{'sent': -104339488.42427444, 'recv': -7318449628.220103}",0.0,2.1560911624856534
2021-05-03 05:28:09.705621,50.6,13419.25,14148.20703125,10628.30859375,"{'rc': 5, 'wc': 8666, 'rb': 81920, 'wb': 8460898304}","{'sent': -104339488.42427444, 'recv': -7318449628.189319}",0.0,2.1560911624856534
2021-05-03 05:28:12.220258,52.8,12450.28125,13181.9921875,10628.30859375,"{'rc': 5, 'wc': 8666, 'rb': 81920, 'wb': 8460898304}","{'sent': -104339488.42348671, 'recv': -7318449628.159266}",0.0,2.1560911624856534
2021-05-03 05:28:14.713715,42.7,12416.0625,13146.51171875,10628.30859375,"{'rc': 5, 'wc': 8666, 'rb': 81920, 'wb': 8460898304}","{'sent': -104339488.42322159, 'recv': -7318449628.131045}",0.0,2.1560911624856534
2021-05-03 05:28:17.206056,51.1,12384.1875,13115.2734375,10628.30859375,"{'rc': 5, 'wc': 8666, 'rb': 81920, 'wb': 8460898304}","{'sent': -104339488.42295647, 'recv': -7318449628.100884}",0.0,2.1560911624856534
2021-05-03 05:28:19.710174,29.2,14270.84375,15000.56640625,10628.30859375,"{'rc': 5, 'wc': 8701, 'rb': 81920, 'wb': 8461053952}","{'sent': -104339488.42242622, 'recv': -7318449628.068601}",0.0,2.1560911624856534
2021-05-03 05:28:22.239596,27.0,14083.35546875,14813.19140625,10628.30859375,"{'rc': 5, 'wc': 8701, 'rb': 81920, 'wb': 8461053952}","{'sent': -104339488.42232704, 'recv': -7318449628.039819}",0.0,2.1560911624856534
2021-05-03 05:28:24.830332,30.0,12744.125,13474.65625,10628.30859375,"{'rc': 5, 'wc': 8702, 'rb': 81920, 'wb': 8461058048}","{'sent': -104339488.42232704, 'recv': -7318449628.010007}",0.0,2.1560911624856534
2021-05-03 05:28:27.231617,0.2,12911.63671875,13641.0703125,10628.30859375,"{'rc': 5, 'wc': 8810, 'rb': 81920, 'wb': 8574304256}","{'sent': -104339488.42206955, 'recv': -7318449627.981505}",0.0,2.1560911624856534
2021-05-03 05:28:29.655147,55.7,12480.75390625,13212.80078125,10628.30859375,"{'rc': 5, 'wc': 9241, 'rb': 81920, 'wb': 9025163264}","{'sent': -104339488.42141914, 'recv': -7318449627.952363}",0.0,2.1560911624856534
2021-05-03 05:28:32.148669,49.9,12437.38671875,13169.07421875,10628.30859375,"{'rc': 5, 'wc': 9243, 'rb': 81920, 'wb': 9025245184}","{'sent': -104339488.42115402, 'recv': -7318449627.922488}",0.0,2.1560911624856534
2021-05-03 05:28:34.657017,46.7,12442.046875,13173.1875,10628.30859375,"{'rc': 5, 'wc': 9243, 'rb': 81920, 'wb': 9025245184}","{'sent': -104339488.4208889, 'recv': -7318449627.891126}",0.0,2.1560911624856534
2021-05-03 05:28:37.101790,38.4,14110.40234375,14837.25,10628.30859375,"{'rc': 5, 'wc': 9243, 'rb': 81920, 'wb': 9025245184}","{'sent': -104339488.42035866, 'recv': -7318449627.860616}",0.0,2.1560911624856534
2021-05-03 05:28:39.595635,45.5,13149.265625,13884.8359375,10628.30859375,"{'rc': 5, 'wc': 9243, 'rb': 81920, 'wb': 9025245184}","{'sent': -104339488.42035866, 'recv': -7318449627.827828}",0.0,2.1560911624856534
2021-05-03 05:28:42.068439,52.0,12085.26171875,12814.66796875,10628.30859375,"{'rc': 5, 'wc': 9243, 'rb': 81920, 'wb': 9025245184}","{'sent': -104339488.42025566, 'recv': -7318449627.797559}",0.0,2.1560911624856534
2021-05-03 05:28:44.565409,46.6,12011.94140625,12742.92578125,10628.30859375,"{'rc': 5, 'wc': 9243, 'rb': 81920, 'wb': 9025245184}","{'sent': -104339488.4192028, 'recv': -7318449627.76904}",0.0,2.1560911624856534
2021-05-03 05:28:47.042669,45.0,12096.23828125,12826.84765625,10628.30859375,"{'rc': 5, 'wc': 9243, 'rb': 81920, 'wb': 9025245184}","{'sent': -104339488.41893768, 'recv': -7318449627.739852}",0.0,2.1560911624856534
2021-05-03 05:28:49.466907,16.8,13132.0625,13860.3828125,10628.30859375,"{'rc': 5, 'wc': 9243, 'rb': 81920, 'wb': 9025245184}","{'sent': -104339488.41867256, 'recv': -7318449627.712037}",0.0,2.1560911624856534
2021-05-03 05:28:52.248767,22.5,13884.37109375,14614.41796875,10628.30859375,"{'rc': 5, 'wc': 9243, 'rb': 81920, 'wb': 9025245184}","{'sent': -104339488.41867256, 'recv': -7318449627.678964}",0.0,2.1560911624856534
2021-05-03 05:28:54.858550,57.2,12201.09375,12932.33984375,10628.30859375,"{'rc': 5, 'wc': 9243, 'rb': 81920, 'wb': 9025245184}","{'sent': -104339488.41867256, 'recv': -7318449627.647435}",0.0,2.1560911624856534
2021-05-03 05:28:57.354657,47.7,12273.0234375,13003.51171875,10628.30859375,"{'rc': 5, 'wc': 9252, 'rb': 81920, 'wb': 9025314816}","{'sent': -104339488.4176197, 'recv': -7318449627.617028}",0.0,2.1560911624856534
2021-05-03 05:28:59.837220,45.1,12215.296875,12944.10546875,10628.30859375,"{'rc': 5, 'wc': 9252, 'rb': 81920, 'wb': 9025314816}","{'sent': -104339488.41735458, 'recv': -7318449627.584922}",0.0,2.1560911624856534
2021-05-03 05:29:02.312901,24.7,12546.78515625,13274.39453125,10628.30859375,"{'rc': 5, 'wc': 9252, 'rb': 81920, 'wb': 9025314816}","{'sent': -104339488.41708946, 'recv': -7318449627.555276}",0.0,2.1560911624856534
2021-05-03 05:29:04.897438,20.1,14293.24609375,15017.38671875,10628.30859375,"{'rc': 5, 'wc': 9252, 'rb': 81920, 'wb': 9025314816}","{'sent': -104339488.41708946, 'recv': -7318449627.527581}",0.0,2.1560911624856534
2021-05-03 05:29:07.384757,36.6,13415.0546875,14141.640625,10628.30859375,"{'rc': 5, 'wc': 9252, 'rb': 81920, 'wb': 9025314816}","{'sent': -104339488.41708946, 'recv': -7318449627.500058}",0.0,2.1560911624856534
2021-05-03 05:29:09.977006,49.5,12226.95703125,12955.08984375,10628.30859375,"{'rc': 5, 'wc': 9252, 'rb': 81920, 'wb': 9025314816}","{'sent': -104339488.41630173, 'recv': -7318449627.470687}",0.0,2.1560911624856534
2021-05-03 05:29:12.412559,44.0,12173.19140625,12900.81640625,10628.30859375,"{'rc': 5, 'wc': 9252, 'rb': 81920, 'wb': 9025314816}","{'sent': -104339488.4159851, 'recv': -7318449627.443902}",0.0,2.1560911624856534
2021-05-03 05:29:14.899072,45.8,12138.73828125,12867.87890625,10628.30859375,"{'rc': 5, 'wc': 9252, 'rb': 81920, 'wb': 9025314816}","{'sent': -104339488.41545486, 'recv': -7318449627.415286}",0.0,2.1560911624856534
2021-05-03 05:29:17.277605,26.2,14254.5625,14980.02734375,10628.30859375,"{'rc': 5, 'wc': 9252, 'rb': 81920, 'wb': 9025314816}","{'sent': -104339488.41344833, 'recv': -7318449627.387694}",0.0,2.1560911624856534
2021-05-03 05:29:19.781609,54.8,13276.4296875,14003.421875,10628.30859375,"{'rc': 5, 'wc': 9252, 'rb': 81920, 'wb': 9025314816}","{'sent': -104339488.41344833, 'recv': -7318449627.3612585}",0.0,2.1560911624856534
2021-05-03 05:29:22.195459,54.4,12036.00390625,12766.4140625,10628.30859375,"{'rc': 5, 'wc': 9254, 'rb': 81920, 'wb': 9025339392}","{'sent': -104339488.41292572, 'recv': -7318449627.336013}",0.0,2.1560911624856534
2021-05-03 05:29:24.649376,52.8,12089.171875,12819.05859375,10628.30859375,"{'rc': 5, 'wc': 9254, 'rb': 81920, 'wb': 9025339392}","{'sent': -104339488.41239548, 'recv': -7318449627.308135}",0.0,2.1560911624856534
2021-05-03 05:29:27.085299,43.9,12142.40625,12869.50390625,10628.30859375,"{'rc': 5, 'wc': 9254, 'rb': 81920, 'wb': 9025339392}","{'sent': -104339488.41194153, 'recv': -7318449627.279559}",0.0,2.1560911624856534
2021-05-03 05:29:29.576892,16.3,13066.60546875,13793.19921875,10628.30859375,"{'rc': 5, 'wc': 9254, 'rb': 81920, 'wb': 9025339392}","{'sent': -104339488.41156197, 'recv': -7318449627.250594}",0.0,2.1560911624856534
2021-05-03 05:29:32.483106,19.8,14252.9375,14977.66015625,10628.30859375,"{'rc': 5, 'wc': 9254, 'rb': 81920, 'wb': 9025339392}","{'sent': -104339488.41156197, 'recv': -7318449627.2169485}",0.0,2.1560911624856534
2021-05-03 05:29:34.987954,46.9,12141.19921875,12870.80078125,10628.30859375,"{'rc': 5, 'wc': 9254, 'rb': 81920, 'wb': 9025339392}","{'sent': -104339488.41151047, 'recv': -7318449627.187251}",0.0,2.1560911624856534
2021-05-03 05:29:37.472945,53.6,12188.359375,12918.47265625,10628.30859375,"{'rc': 5, 'wc': 9254, 'rb': 81920, 'wb': 9025339392}","{'sent': -104339488.41072273, 'recv': -7318449627.1580515}",0.0,2.1560911624856534
2021-05-03 05:29:39.995737,50.4,12191.18359375,12921.91015625,10628.30859375,"{'rc': 5, 'wc': 9254, 'rb': 81920, 'wb': 9025339392}","{'sent': -104339488.4089346, 'recv': -7318449627.126857}",0.0,2.1560911624856534
2021-05-03 05:29:42.442248,46.8,12097.734375,12826.5,10628.30859375,"{'rc': 5, 'wc': 9254, 'rb': 81920, 'wb': 9025339392}","{'sent': -104339488.40866947, 'recv': -7318449627.095895}",0.0,2.1560911624856534
2021-05-03 05:29:44.935856,36.8,14216.80859375,14943.1640625,10628.30859375,"{'rc': 5, 'wc': 9254, 'rb': 81920, 'wb': 9025339392}","{'sent': -104339488.40840435, 'recv': -7318449627.066764}",0.0,2.1560911624856534
2021-05-03 05:29:47.422520,55.4,13259.015625,13987.4765625,10628.30859375,"{'rc': 5, 'wc': 9297, 'rb': 81920, 'wb': 9025540096}","{'sent': -104339488.40840435, 'recv': -7318449627.037581}",0.0,2.1560911624856534
2021-05-03 05:29:49.841539,54.4,12317.7890625,13048.01953125,10628.30859375,"{'rc': 5, 'wc': 9297, 'rb': 81920, 'wb': 9025540096}","{'sent': -104339488.40788174, 'recv': -7318449627.009017}",0.0,2.1560911624856534
2021-05-03 05:29:52.341083,48.8,12212.3203125,12941.96484375,10628.30859375,"{'rc': 5, 'wc': 9302, 'rb': 81920, 'wb': 9025560576}","{'sent': -104339488.4073515, 'recv': -7318449626.977305}",0.0,2.1560911624856534
2021-05-03 05:29:54.838542,57.2,12363.32421875,13092.8125,10628.30859375,"{'rc': 5, 'wc': 9302, 'rb': 81920, 'wb': 9025560576}","{'sent': -104339488.4057579, 'recv': -7318449626.941773}",0.0,2.1560911624856534
2021-05-03 05:29:57.312798,9.1,13067.109375,13796.44140625,10628.30859375,"{'rc': 5, 'wc': 9302, 'rb': 81920, 'wb': 9025560576}","{'sent': -104339488.4050312, 'recv': -7318449626.905587}",0.0,2.1560911624856534
2021-05-03 05:29:59.946338,18.8,14196.953125,14922.25390625,10628.30859375,"{'rc': 5, 'wc': 9302, 'rb': 81920, 'wb': 9025560576}","{'sent': -104339488.40350723, 'recv': -7318449626.872968}",0.0,2.1560911624856534
2021-05-03 05:30:02.526624,38.7,12292.93359375,13024.78515625,10628.30859375,"{'rc': 5, 'wc': 9343, 'rb': 81920, 'wb': 9025753088}","{'sent': -104339488.40350723, 'recv': -7318449626.841954}",0.0,2.1560911624856534
2021-05-03 05:30:04.912767,0.1,12668.40625,13398.3671875,10628.30859375,"{'rc': 5, 'wc': 9392, 'rb': 81920, 'wb': 9077395456}","{'sent': -104339488.40324974, 'recv': -7318449626.809276}",0.0,2.1560911624856534
2021-05-03 05:30:07.331500,49.2,12192.8125,12924.8203125,10628.30859375,"{'rc': 5, 'wc': 9926, 'rb': 81920, 'wb': 9590108160}","{'sent': -104339488.40233421, 'recv': -7318449626.779218}",0.0,2.1560911624856534
2021-05-03 05:30:09.817413,48.0,12247.3515625,12977.97265625,10628.30859375,"{'rc': 5, 'wc': 9926, 'rb': 81920, 'wb': 9590108160}","{'sent': -104339488.40206909, 'recv': -7318449626.7473345}",0.0,2.1560911624856534
2021-05-03 05:30:12.320603,50.9,12120.9375,12851.04296875,10628.30859375,"{'rc': 5, 'wc': 9938, 'rb': 81920, 'wb': 9590247424}","{'sent': -104339488.40170479, 'recv': -7318449626.715514}",0.0,2.1560911624856534
2021-05-03 05:30:14.785774,10.4,13733.92578125,14463.16015625,10628.30859375,"{'rc': 5, 'wc': 9938, 'rb': 81920, 'wb': 9590247424}","{'sent': -104339488.40117455, 'recv': -7318449626.684546}",0.0,2.1560911624856534
2021-05-03 05:30:17.372922,22.9,14180.40234375,14906.78515625,10628.30859375,"{'rc': 5, 'wc': 9939, 'rb': 81920, 'wb': 9590251520}","{'sent': -104339488.40117455, 'recv': -7318449626.650844}",0.0,2.1560911624856534
2021-05-03 05:30:20.003435,61.0,12137.32421875,12869.34765625,10628.30859375,"{'rc': 5, 'wc': 9939, 'rb': 81920, 'wb': 9590251520}","{'sent': -104339488.40117455, 'recv': -7318449626.617942}",0.0,2.1560911624856534
2021-05-03 05:30:22.458162,45.8,12239.6484375,12971.453125,10628.30859375,"{'rc': 5, 'wc': 9939, 'rb': 81920, 'wb': 9590251520}","{'sent': -104339488.40038681, 'recv': -7318449626.58611}",0.0,2.1560911624856534
2021-05-03 05:30:24.943571,55.5,12269.375,13000.55859375,10628.30859375,"{'rc': 5, 'wc': 9939, 'rb': 81920, 'wb': 9590251520}","{'sent': -104339488.39993286, 'recv': -7318449626.555646}",0.0,2.1560911624856534
2021-05-03 05:30:27.473504,49.3,12213.18359375,12945.94921875,10628.30859375,"{'rc': 5, 'wc': 9939, 'rb': 81920, 'wb': 9590251520}","{'sent': -104339488.39940262, 'recv': -7318449626.526853}",0.0,2.1560911624856534
2021-05-03 05:30:29.868722,34.3,14287.6328125,15014.21484375,10628.30859375,"{'rc': 5, 'wc': 9939, 'rb': 81920, 'wb': 9590251520}","{'sent': -104339488.39940262, 'recv': -7318449626.500932}",0.0,2.1560911624856534
2021-05-03 05:30:32.362561,51.2,13265.97265625,13995.23046875,10628.30859375,"{'rc': 5, 'wc': 9939, 'rb': 81920, 'wb': 9590251520}","{'sent': -104339488.39940262, 'recv': -7318449626.472436}",0.0,2.1560911624856534
2021-05-03 05:30:34.924278,52.8,12243.76171875,12976.015625,10628.30859375,"{'rc': 5, 'wc': 9946, 'rb': 81920, 'wb': 9590317056}","{'sent': -104339488.39861488, 'recv': -7318449626.442842}",0.0,2.1560911624856534
2021-05-03 05:30:37.374272,51.6,12200.1796875,12931.70703125,10628.30859375,"{'rc': 5, 'wc': 9948, 'rb': 81920, 'wb': 9590325248}","{'sent': -104339488.39819717, 'recv': -7318449626.416623}",0.0,2.1560911624856534
2021-05-03 05:30:39.858333,49.0,12204.171875,12934.10546875,10628.30859375,"{'rc': 5, 'wc': 9948, 'rb': 81920, 'wb': 9590325248}","{'sent': -104339488.39793205, 'recv': -7318449626.387664}",0.0,2.1560911624856534
2021-05-03 05:30:42.355090,18.0,13985.34375,14718.5703125,10628.30859375,"{'rc': 5, 'wc': 9948, 'rb': 81920, 'wb': 9590325248}","{'sent': -104339488.39740181, 'recv': -7318449626.357612}",0.0,2.1560911624856534
2021-05-03 05:30:44.928513,18.5,13865.73046875,14593.609375,10628.30859375,"{'rc': 5, 'wc': 9948, 'rb': 81920, 'wb': 9590325248}","{'sent': -104339488.39740181, 'recv': -7318449626.327113}",0.0,2.1560911624856534
2021-05-03 05:30:47.560327,58.3,12304.46875,13038.6015625,10628.30859375,"{'rc': 5, 'wc': 9948, 'rb': 81920, 'wb': 9590325248}","{'sent': -104339488.39740181, 'recv': -7318449626.294612}",0.0,2.1560911624856534
2021-05-03 05:30:50.014654,45.2,12179.67578125,12910.0390625,10628.30859375,"{'rc': 5, 'wc': 9948, 'rb': 81920, 'wb': 9590325248}","{'sent': -104339488.39661407, 'recv': -7318449626.263352}",0.0,2.1560911624856534
2021-05-03 05:30:52.546163,49.2,12196.6796875,12928.171875,10628.30859375,"{'rc': 5, 'wc': 9948, 'rb': 81920, 'wb': 9590325248}","{'sent': -104339488.39634895, 'recv': -7318449626.232333}",0.0,2.1560911624856534
2021-05-03 05:30:55.000994,52.6,11776.98046875,12508.1171875,10628.30859375,"{'rc': 5, 'wc': 9948, 'rb': 81920, 'wb': 9590325248}","{'sent': -104339488.39581871, 'recv': -7318449626.199935}",0.0,2.1560911624856534
2021-05-03 05:30:57.464374,33.6,13822.32421875,14550.8515625,10628.30859375,"{'rc': 5, 'wc': 9948, 'rb': 81920, 'wb': 9590325248}","{'sent': -104339488.39581871, 'recv': -7318449626.164115}",0.0,2.1560911624856534
2021-05-03 05:30:59.953999,48.9,12865.76953125,13595.0703125,10628.30859375,"{'rc': 5, 'wc': 9948, 'rb': 81920, 'wb': 9590325248}","{'sent': -104339488.39510727, 'recv': -7318449626.128671}",0.0,2.1560911624856534
2021-05-03 05:31:02.364092,3.2,12671.7109375,13400.63671875,10628.30859375,"{'rc': 5, 'wc': 9948, 'rb': 81920, 'wb': 9590325248}","{'sent': -104339488.39443398, 'recv': -7318449626.095471}",0.0,2.1560911624856534
2021-05-03 05:31:05.293703,24.9,12897.9375,13627.9140625,10628.30859375,"{'rc': 5, 'wc': 9948, 'rb': 81920, 'wb': 9590325248}","{'sent': -104339488.39443398, 'recv': -7318449626.056561}",0.0,2.1560911624856534
2021-05-03 05:31:07.843144,24.3,12168.19140625,12899.18359375,10628.30859375,"{'rc': 5, 'wc': 9951, 'rb': 81920, 'wb': 9590362112}","{'sent': -104339488.39438248, 'recv': -7318449626.026006}",0.0,2.1560911624856534
2021-05-03 05:31:10.382388,20.1,13822.68359375,14551.22265625,10628.30859375,"{'rc': 5, 'wc': 9951, 'rb': 81920, 'wb': 9590362112}","{'sent': -104339488.39420891, 'recv': -7318449625.995044}",0.0,2.1560911624856534
2021-05-03 05:31:12.838264,39.0,12825.53125,13558.31640625,10628.30859375,"{'rc': 5, 'wc': 9957, 'rb': 81920, 'wb': 9590386688}","{'sent': -104339488.39420891, 'recv': -7318449625.962771}",0.0,2.1560911624856534
